ipps_2011_id,provider_id,drg_definition,provider_id,hospital_referral_region,total_discharges,average_covered_charges,average_total_payments,average_medicare_payments
P10000,10001,069 - TRANSIENT ISCHEMIA,250049,MS - Jackson,24,7064.13,3887.25,3097.42
P100000,51329,390 - G.I. OBSTRUCTION W/O CC/MCC,100151,FL - Jacksonville,33,10780.88,5091.97,4168.73
P100001,51329,390 - G.I. OBSTRUCTION W/O CC/MCC,100154,FL - Miami,15,31822.4,4141.4,3315.53
P100002,51329,390 - G.I. OBSTRUCTION W/O CC/MCC,100156,FL - Gainesville,13,29772.23,4345,3658.23
P100003,51329,390 - G.I. OBSTRUCTION W/O CC/MCC,100157,FL - Lakeland,44,22828.68,3809.75,2652
P100004,51329,390 - G.I. OBSTRUCTION W/O CC/MCC,100161,FL - Orlando,15,26075.8,3648.07,2671.27
P100005,51329,390 - G.I. OBSTRUCTION W/O CC/MCC,100166,FL - Sarasota,18,28824.17,3388.06,2581.17
P100006,51329,390 - G.I. OBSTRUCTION W/O CC/MCC,100167,FL - Fort Lauderdale,15,34884.4,4974.47,3995.53
P100007,51329,390 - G.I. OBSTRUCTION W/O CC/MCC,100168,FL - Fort Lauderdale,50,13145.22,3676.86,2623.66
P100008,51329,390 - G.I. OBSTRUCTION W/O CC/MCC,100173,FL - Tampa,16,18596.25,3577,2663.25
P100009,51330,390 - G.I. OBSTRUCTION W/O CC/MCC,100176,FL - Fort Lauderdale,35,20343.54,3780.37,2622.89
P10001,10001,069 - TRANSIENT ISCHEMIA,250058,MS - Hattiesburg,14,12002.5,4130.14,3088.14
P100010,51330,390 - G.I. OBSTRUCTION W/O CC/MCC,100177,FL - Orlando,17,14478.29,3406.06,2544.18
P100011,51330,390 - G.I. OBSTRUCTION W/O CC/MCC,100179,FL - Jacksonville,25,36031.48,3617.84,2765.2
P100012,51330,390 - G.I. OBSTRUCTION W/O CC/MCC,100183,FL - Miami,14,49137.93,5153,4185
P100013,51330,390 - G.I. OBSTRUCTION W/O CC/MCC,100187,FL - Miami,20,34099.1,5220,4261
P100014,51330,390 - G.I. OBSTRUCTION W/O CC/MCC,100191,FL - Hudson,19,37755.42,3424.84,2476.63
P100015,51330,390 - G.I. OBSTRUCTION W/O CC/MCC,100204,FL - Gainesville,59,37490.03,3806.97,2467.17
P100016,51330,390 - G.I. OBSTRUCTION W/O CC/MCC,100206,FL - Tampa,12,14682.25,3452.83,2228.17
P100017,51330,390 - G.I. OBSTRUCTION W/O CC/MCC,100209,FL - Miami,15,33755.07,4949.87,3906.13
P100018,51330,390 - G.I. OBSTRUCTION W/O CC/MCC,100212,FL - Ocala,20,25321.25,3284.2,2216.8
P100019,51330,390 - G.I. OBSTRUCTION W/O CC/MCC,100213,FL - Bradenton,39,25863.46,3561.59,2407.08
P10002,10001,069 - TRANSIENT ISCHEMIA,250059,MS - Jackson,19,8478.26,4307.58,3361.05
P100020,51330,390 - G.I. OBSTRUCTION W/O CC/MCC,100217,FL - Orlando,20,28892.75,3569.3,2618.3
P100021,51330,390 - G.I. OBSTRUCTION W/O CC/MCC,100220,FL - Fort Myers,22,17285.18,3600.91,2784.91
P100022,51330,390 - G.I. OBSTRUCTION W/O CC/MCC,100223,FL - Pensacola,11,39788.91,3461.27,2540.91
P100023,51330,390 - G.I. OBSTRUCTION W/O CC/MCC,100224,FL - Fort Lauderdale,13,39711.46,3643.85,2908.62
P100024,51331,390 - G.I. OBSTRUCTION W/O CC/MCC,100226,FL - Jacksonville,17,40807,3800.59,2424.12
P100025,51331,390 - G.I. OBSTRUCTION W/O CC/MCC,100228,FL - Fort Lauderdale,29,32014.41,3621.41,2645.79
P100026,51331,390 - G.I. OBSTRUCTION W/O CC/MCC,100231,FL - Pensacola,19,25418.68,3328.89,2385.74
P100027,51331,390 - G.I. OBSTRUCTION W/O CC/MCC,100236,FL - Fort Myers,26,29630.69,3515.19,2268.19
P100028,51331,390 - G.I. OBSTRUCTION W/O CC/MCC,100238,FL - St. Petersburg,12,33558.83,4022.17,2382.08
P100029,51331,390 - G.I. OBSTRUCTION W/O CC/MCC,100242,FL - Panama City,21,41843.86,3711.1,2904.05
P10003,10001,069 - TRANSIENT ISCHEMIA,250069,MS - Meridian,22,15384.32,4484.91,3613.09
P100030,51331,390 - G.I. OBSTRUCTION W/O CC/MCC,100243,FL - Tampa,20,27772.65,3877.6,3088.4
P100031,51331,390 - G.I. OBSTRUCTION W/O CC/MCC,100244,FL - Fort Myers,35,16456.23,3484.4,2347.54
P100032,51331,390 - G.I. OBSTRUCTION W/O CC/MCC,100248,FL - Clearwater,13,30987.69,3673.38,2892.15
P100033,51331,390 - G.I. OBSTRUCTION W/O CC/MCC,100249,FL - Ocala,12,23807.25,3473.42,2401.25
P100034,51331,390 - G.I. OBSTRUCTION W/O CC/MCC,100253,FL - Fort Lauderdale,26,20702.15,4265.12,2554.5
P100035,51331,390 - G.I. OBSTRUCTION W/O CC/MCC,100254,FL - Tallahassee,23,30654.26,4619.52,2859.39
P100036,51331,390 - G.I. OBSTRUCTION W/O CC/MCC,100256,FL - Hudson,21,27074.52,3354,2391.33
P100037,51331,390 - G.I. OBSTRUCTION W/O CC/MCC,100258,FL - Fort Lauderdale,64,31069.88,3649.55,2687.91
P100038,51331,390 - G.I. OBSTRUCTION W/O CC/MCC,100259,FL - Tampa,24,33002.46,3405.46,2243.83
P100039,51332,390 - G.I. OBSTRUCTION W/O CC/MCC,100260,FL - Fort Lauderdale,24,32140.04,3861.5,3019.17
P10004,10001,069 - TRANSIENT ISCHEMIA,250072,MS - Jackson,21,33045.9,4567.38,3449.76
P100040,51332,390 - G.I. OBSTRUCTION W/O CC/MCC,100264,FL - Hudson,28,34382.82,3352,2469.43
P100041,51332,390 - G.I. OBSTRUCTION W/O CC/MCC,100265,FL - Clearwater,22,14648.82,3268.68,2402.68
P100042,51332,390 - G.I. OBSTRUCTION W/O CC/MCC,100266,FL - Pensacola,16,16488.06,3294.5,2161.56
P100043,51332,390 - G.I. OBSTRUCTION W/O CC/MCC,100267,FL - Sarasota,21,30645.43,3386,2421.81
P100044,51332,390 - G.I. OBSTRUCTION W/O CC/MCC,100268,FL - Fort Lauderdale,18,22027.28,3858,2858.89
P100045,51332,390 - G.I. OBSTRUCTION W/O CC/MCC,100275,FL - Fort Lauderdale,26,20605.92,4274.92,3232.46
P100046,51332,390 - G.I. OBSTRUCTION W/O CC/MCC,100281,FL - Miami,18,33222.89,6087.11,2720.11
P100047,51332,390 - G.I. OBSTRUCTION W/O CC/MCC,100284,FL - Miami,29,14591.41,6054.1,5036.79
P100048,51332,390 - G.I. OBSTRUCTION W/O CC/MCC,100286,FL - Fort Myers,26,22477.77,3612.96,2463.69
P100049,51332,390 - G.I. OBSTRUCTION W/O CC/MCC,100287,FL - Fort Lauderdale,20,26967.7,3842.5,2773.5
P10005,10001,069 - TRANSIENT ISCHEMIA,250078,MS - Hattiesburg,53,13459.64,4515.38,3561.49
P100050,51332,390 - G.I. OBSTRUCTION W/O CC/MCC,100289,FL - Miami,18,16203.22,3743.33,2873.56
P100051,51332,390 - G.I. OBSTRUCTION W/O CC/MCC,100290,FL - Orlando,96,16684.57,3371,2598.08
P100052,51332,390 - G.I. OBSTRUCTION W/O CC/MCC,100292,FL - Pensacola,14,14639.64,3929.79,2087.29
P100053,51332,390 - G.I. OBSTRUCTION W/O CC/MCC,100296,FL - Miami,11,25044.55,6459.27,3176.55
P100054,53302,390 - G.I. OBSTRUCTION W/O CC/MCC,110003,FL - Jacksonville,12,11134,3605.08,2950.08
P100055,53302,390 - G.I. OBSTRUCTION W/O CC/MCC,110005,GA - Atlanta,21,17502.71,4269.24,2358.9
P100056,53302,390 - G.I. OBSTRUCTION W/O CC/MCC,110006,GA - Atlanta,18,14838,3865.39,2808.72
P100057,53302,390 - G.I. OBSTRUCTION W/O CC/MCC,110007,GA - Albany,14,17304.14,4521.86,3287.93
P100058,53302,390 - G.I. OBSTRUCTION W/O CC/MCC,110010,GA - Atlanta,13,13947.38,5957.46,3820
P100059,53302,390 - G.I. OBSTRUCTION W/O CC/MCC,110011,GA - Atlanta,13,12205,3705,2834.23
P10006,10001,069 - TRANSIENT ISCHEMIA,250082,TN - Memphis,17,13832.59,4862.18,3452.35
P100060,53302,390 - G.I. OBSTRUCTION W/O CC/MCC,110016,GA - Atlanta,16,9398.81,3755.13,2916.13
P100061,53302,390 - G.I. OBSTRUCTION W/O CC/MCC,110018,GA - Atlanta,16,10235.19,3837.81,2713.81
P100062,53302,390 - G.I. OBSTRUCTION W/O CC/MCC,110024,GA - Savannah,17,17823,3879.88,2746.18
P100063,53302,390 - G.I. OBSTRUCTION W/O CC/MCC,110025,FL - Jacksonville,25,11761.92,4878.48,3303.16
P100064,53302,390 - G.I. OBSTRUCTION W/O CC/MCC,110028,GA - Augusta,33,16839.48,4197.27,2655.27
P100065,53302,390 - G.I. OBSTRUCTION W/O CC/MCC,110029,GA - Atlanta,32,13160,3960.72,2904.09
P100066,53302,390 - G.I. OBSTRUCTION W/O CC/MCC,110031,GA - Atlanta,28,21454.32,4378.18,3049.64
P100067,53302,390 - G.I. OBSTRUCTION W/O CC/MCC,110032,GA - Atlanta,13,11137.85,3544.31,2676
P100068,53302,390 - G.I. OBSTRUCTION W/O CC/MCC,110034,GA - Augusta,11,11317.27,5907.82,5096.18
P100069,53305,390 - G.I. OBSTRUCTION W/O CC/MCC,110035,GA - Atlanta,33,17652.64,3995.82,2554.67
P10007,10001,069 - TRANSIENT ISCHEMIA,250093,TN - Memphis,28,13554.86,3878,2951.57
P100070,53305,390 - G.I. OBSTRUCTION W/O CC/MCC,110036,GA - Savannah,16,12496.81,4508.38,3521.88
P100071,53305,390 - G.I. OBSTRUCTION W/O CC/MCC,110038,FL - Tallahassee,12,14205.42,3565.25,2815.92
P100072,53305,390 - G.I. OBSTRUCTION W/O CC/MCC,110043,GA - Savannah,19,16908.47,3420.16,2549.95
P100073,53305,390 - G.I. OBSTRUCTION W/O CC/MCC,110054,GA - Rome,21,18420.29,4838.62,3352.95
P100074,53305,390 - G.I. OBSTRUCTION W/O CC/MCC,110069,GA - Macon,25,12921.8,4072.32,2644.88
P100075,53305,390 - G.I. OBSTRUCTION W/O CC/MCC,110074,GA - Atlanta,29,17482.03,4193.52,2785.79
P100076,53305,390 - G.I. OBSTRUCTION W/O CC/MCC,110075,GA - Savannah,13,15091.15,4025,3248.69
P100077,53305,390 - G.I. OBSTRUCTION W/O CC/MCC,110076,GA - Atlanta,25,11340.8,4210.72,3315.36
P100078,53305,390 - G.I. OBSTRUCTION W/O CC/MCC,110082,GA - Atlanta,33,12232.88,3466.79,2482.67
P100079,53305,390 - G.I. OBSTRUCTION W/O CC/MCC,110083,GA - Atlanta,13,13941.08,3668.08,2630.54
P10008,10001,069 - TRANSIENT ISCHEMIA,250094,MS - Hattiesburg,19,20548.74,4241,3000.68
P100080,53305,390 - G.I. OBSTRUCTION W/O CC/MCC,110087,GA - Atlanta,20,17863.45,3980.2,2964.6
P100081,53305,390 - G.I. OBSTRUCTION W/O CC/MCC,110089,FL - Jacksonville,11,12351.36,3400.73,2368.73
P100082,53305,390 - G.I. OBSTRUCTION W/O CC/MCC,110107,GA - Macon,16,12755.81,4555.25,3344.88
P100083,53305,390 - G.I. OBSTRUCTION W/O CC/MCC,110122,FL - Tallahassee,15,12461.8,4401.2,2545.8
P100084,53309,390 - G.I. OBSTRUCTION W/O CC/MCC,110129,GA - Columbus,18,11646.22,3456.33,2453.67
P100085,53309,390 - G.I. OBSTRUCTION W/O CC/MCC,110132,FL - Tallahassee,17,9505.82,3782.59,2448.94
P100086,53309,390 - G.I. OBSTRUCTION W/O CC/MCC,110161,GA - Atlanta,13,18390.54,4371.31,2378.69
P100087,53309,390 - G.I. OBSTRUCTION W/O CC/MCC,110163,GA - Albany,12,18794.92,3684.67,2655
P100088,53309,390 - G.I. OBSTRUCTION W/O CC/MCC,110164,GA - Macon,31,16948.13,3873.84,2894.1
P100089,53309,390 - G.I. OBSTRUCTION W/O CC/MCC,110165,GA - Atlanta,17,16316.18,4848.06,3432.24
P10009,10001,069 - TRANSIENT ISCHEMIA,250097,MS - Jackson,23,9528.96,4549.17,3616.83
P100090,53309,390 - G.I. OBSTRUCTION W/O CC/MCC,110168,GA - Rome,16,16583.25,4021.31,2445.38
P100091,53309,390 - G.I. OBSTRUCTION W/O CC/MCC,110184,GA - Atlanta,12,20206.08,4033.75,2813
P100092,53309,390 - G.I. OBSTRUCTION W/O CC/MCC,110191,GA - Atlanta,14,14205,3853.43,2732.86
P100093,53309,390 - G.I. OBSTRUCTION W/O CC/MCC,110192,GA - Atlanta,11,17982.18,4065.36,2406.73
P100094,53309,390 - G.I. OBSTRUCTION W/O CC/MCC,110215,GA - Atlanta,17,13559.47,3546,2621.29
P100095,53309,390 - G.I. OBSTRUCTION W/O CC/MCC,110230,GA - Atlanta,16,8813,3668.31,2335
P100096,53309,390 - G.I. OBSTRUCTION W/O CC/MCC,120001,HI - Honolulu,31,12690.39,5703.42,4203.48
P100097,53309,390 - G.I. OBSTRUCTION W/O CC/MCC,120002,HI - Honolulu,11,9488.27,8044.36,6064.18
P100098,53309,390 - G.I. OBSTRUCTION W/O CC/MCC,120007,HI - Honolulu,24,14632.71,4904.42,3336.33
P100099,60001,390 - G.I. OBSTRUCTION W/O CC/MCC,120022,HI - Honolulu,15,15281,4626.13,3800.27
P1001,10001,039 - EXTRACRANIAL PROCEDURES W/O CC/MCC,10005,AL - Birmingham,14,15131.86,5787.57,4976.71
P10010,60001,069 - TRANSIENT ISCHEMIA,250099,MS - Jackson,15,13614.87,4740.2,3841
P100100,60001,390 - G.I. OBSTRUCTION W/O CC/MCC,120026,HI - Honolulu,20,14694.1,5093.7,3317.3
P100101,60001,390 - G.I. OBSTRUCTION W/O CC/MCC,130002,ID - Boise,14,8409.64,3752,2790.86
P100102,60001,390 - G.I. OBSTRUCTION W/O CC/MCC,130006,ID - Boise,39,12431.67,4092.92,2895.36
P100103,60001,390 - G.I. OBSTRUCTION W/O CC/MCC,130007,ID - Boise,29,11972.66,4127.9,2826.62
P100104,60001,390 - G.I. OBSTRUCTION W/O CC/MCC,130018,ID - Idaho Falls,27,9846.41,3954.96,3081.63
P100105,60001,390 - G.I. OBSTRUCTION W/O CC/MCC,140002,MO - St. Louis,12,14179.33,3501.33,2560.67
P100106,60001,390 - G.I. OBSTRUCTION W/O CC/MCC,140007,IL - Joliet,16,22321.25,4038.06,2841.44
P100107,60001,390 - G.I. OBSTRUCTION W/O CC/MCC,140010,IL - Evanston,100,16282.67,4970.21,3339.45
P100108,60001,390 - G.I. OBSTRUCTION W/O CC/MCC,140011,MO - St. Louis,15,13962,3643.67,2826.33
P100109,10001,390 - G.I. OBSTRUCTION W/O CC/MCC,140012,IL - Rockford,12,18698.25,4009.25,2896.5
P10011,60001,069 - TRANSIENT ISCHEMIA,250100,MS - Tupelo,13,17060,4375.08,3342.46
P100110,60001,390 - G.I. OBSTRUCTION W/O CC/MCC,140013,IL - Peoria,21,12716.29,3830.38,2281.29
P100111,60001,390 - G.I. OBSTRUCTION W/O CC/MCC,140015,IL - Springfield,27,13018.78,4229.74,3321.96
P100112,60001,390 - G.I. OBSTRUCTION W/O CC/MCC,140029,IL - Aurora,21,24909.29,5632.1,3235.24
P100113,60003,390 - G.I. OBSTRUCTION W/O CC/MCC,140030,IL - Elgin,30,21123.77,4524.47,2904.33
P100114,60003,390 - G.I. OBSTRUCTION W/O CC/MCC,140032,IL - Springfield,23,8316.65,3623.52,2428.57
P100115,60003,390 - G.I. OBSTRUCTION W/O CC/MCC,140034,MO - St. Louis,11,14862.27,3784.45,2869.91
P100116,60003,390 - G.I. OBSTRUCTION W/O CC/MCC,140043,IL - Rockford,11,14344.82,3763.91,2946.45
P100117,60003,390 - G.I. OBSTRUCTION W/O CC/MCC,140048,IL - Chicago,14,15838.14,4922.36,3644.5
P100118,60003,390 - G.I. OBSTRUCTION W/O CC/MCC,140051,IL - Evanston,20,15074.2,4761.15,3322.75
P100119,10001,390 - G.I. OBSTRUCTION W/O CC/MCC,140053,IL - Springfield,15,12069.13,4224.53,3172.27
P10012,60003,069 - TRANSIENT ISCHEMIA,250102,MS - Jackson,53,19728.43,4065.09,2887.38
P100120,60003,390 - G.I. OBSTRUCTION W/O CC/MCC,140058,IL - Springfield,14,14531.14,3981,3017.57
P100121,60003,390 - G.I. OBSTRUCTION W/O CC/MCC,140062,IL - Blue Island,35,21504.97,4269.46,2611.09
P100122,60003,390 - G.I. OBSTRUCTION W/O CC/MCC,140064,IL - Peoria,13,11303.69,4784.15,3915.85
P100123,60003,390 - G.I. OBSTRUCTION W/O CC/MCC,140067,IL - Peoria,31,15429.16,4208.52,3302.84
P100124,60003,390 - G.I. OBSTRUCTION W/O CC/MCC,140080,IL - Evanston,11,19426.73,7802.73,3751.55
P100125,60003,390 - G.I. OBSTRUCTION W/O CC/MCC,140082,IL - Chicago,13,13875.08,5227.23,4443.54
P100126,60003,390 - G.I. OBSTRUCTION W/O CC/MCC,140084,WI - Milwaukee,20,28166.15,4432.3,3495.75
P100127,60003,390 - G.I. OBSTRUCTION W/O CC/MCC,140088,IL - Chicago,21,30533.76,7917.48,6197.24
P100128,60004,390 - G.I. OBSTRUCTION W/O CC/MCC,140091,IL - Urbana,16,15750.06,4131.63,3357.38
P100129,10001,390 - G.I. OBSTRUCTION W/O CC/MCC,140093,IL - Urbana,13,21355.46,3887.54,2852.46
P10013,60004,069 - TRANSIENT ISCHEMIA,250104,MS - Meridian,19,13016.11,4090.63,3261.58
P100130,60004,390 - G.I. OBSTRUCTION W/O CC/MCC,140101,IL - Joliet,14,15556.79,5449.57,2362.86
P100131,60004,390 - G.I. OBSTRUCTION W/O CC/MCC,140114,IL - Chicago,25,23704.92,6131.08,3812.36
P100132,60004,390 - G.I. OBSTRUCTION W/O CC/MCC,140116,IL - Elgin,14,12213.29,3687,2806.71
P100133,60004,390 - G.I. OBSTRUCTION W/O CC/MCC,140117,IL - Chicago,24,20904.42,4741.92,3042.67
P100134,60004,390 - G.I. OBSTRUCTION W/O CC/MCC,140119,IL - Chicago,17,20776.35,6978.29,5693.18
P100135,60004,390 - G.I. OBSTRUCTION W/O CC/MCC,140122,IL - Hinsdale,14,18161.36,4019.43,3134.57
P100136,60004,390 - G.I. OBSTRUCTION W/O CC/MCC,140127,IL - Bloomington,23,12609.52,4465.65,2762.35
P100137,60004,390 - G.I. OBSTRUCTION W/O CC/MCC,140130,IL - Evanston,21,16320.43,3727.52,2869.62
P100138,60004,390 - G.I. OBSTRUCTION W/O CC/MCC,140133,IL - Chicago,14,15888.79,4542.86,3577.14
P100139,10001,390 - G.I. OBSTRUCTION W/O CC/MCC,140135,IL - Springfield,31,11325.58,3956.94,2660
P10014,60004,069 - TRANSIENT ISCHEMIA,250122,MS - Jackson,22,27586.5,4094,3176.55
P100140,60004,390 - G.I. OBSTRUCTION W/O CC/MCC,140145,MO - St. Louis,11,7904.82,3812.91,2792.55
P100141,60004,390 - G.I. OBSTRUCTION W/O CC/MCC,140148,IL - Springfield,52,10652.13,4139.79,3032.69
P100142,60004,390 - G.I. OBSTRUCTION W/O CC/MCC,140158,IL - Chicago,16,12873.69,5852.88,5084.63
P100143,60006,390 - G.I. OBSTRUCTION W/O CC/MCC,140162,IL - Bloomington,14,14692.29,4365.36,2358.43
P100144,60006,390 - G.I. OBSTRUCTION W/O CC/MCC,140164,MO - St. Louis,15,10835.67,3846.67,2867.73
P100145,60006,390 - G.I. OBSTRUCTION W/O CC/MCC,140172,IL - Blue Island,17,16373.88,4702.12,3777.41
P100146,60006,390 - G.I. OBSTRUCTION W/O CC/MCC,140179,IL - Blue Island,19,16945.89,3936.84,2805.74
P100147,60006,390 - G.I. OBSTRUCTION W/O CC/MCC,140180,IL - Chicago,14,34016.71,7665.79,6416.57
P100148,60006,390 - G.I. OBSTRUCTION W/O CC/MCC,140184,KY - Paducah,11,20898.45,3519.55,2705
P100149,10005,390 - G.I. OBSTRUCTION W/O CC/MCC,140185,MO - St. Louis,27,16538.04,3535.56,2382.19
P10015,60006,069 - TRANSIENT ISCHEMIA,250141,TN - Memphis,59,17490,5110.32,3210.9
P100150,60006,390 - G.I. OBSTRUCTION W/O CC/MCC,140186,IL - Joliet,13,16676.85,4443.62,3006.46
P100151,60006,390 - G.I. OBSTRUCTION W/O CC/MCC,140189,IL - Urbana,24,12840.88,3714,2870.33
P100152,60006,390 - G.I. OBSTRUCTION W/O CC/MCC,140191,IL - Blue Island,20,15275.35,4139.9,3525.3
P100153,60006,390 - G.I. OBSTRUCTION W/O CC/MCC,140200,IL - Melrose Park,24,21647.75,3637.42,2603.75
P100154,60006,390 - G.I. OBSTRUCTION W/O CC/MCC,140202,WI - Milwaukee,29,18578.41,4064.48,2985.45
P100155,60006,390 - G.I. OBSTRUCTION W/O CC/MCC,140208,IL - Blue Island,28,16603.21,5107.93,4223.07
P100156,60006,390 - G.I. OBSTRUCTION W/O CC/MCC,140209,IL - Peoria,30,16692.13,4327.43,3351.7
P100157,60006,390 - G.I. OBSTRUCTION W/O CC/MCC,140211,IL - Melrose Park,34,16388.76,3697.29,2969.53
P100158,60008,390 - G.I. OBSTRUCTION W/O CC/MCC,140213,IL - Joliet,36,14775.81,3849.31,3015.11
P100159,10005,390 - G.I. OBSTRUCTION W/O CC/MCC,140217,IL - Elgin,15,22570.6,3716.6,2895
P10016,60008,069 - TRANSIENT ISCHEMIA,260001,MO - Joplin,33,15827.3,4240.61,3028.42
P100160,60008,390 - G.I. OBSTRUCTION W/O CC/MCC,140223,IL - Evanston,33,15776.52,5191.85,4051.06
P100161,60008,390 - G.I. OBSTRUCTION W/O CC/MCC,140224,IL - Chicago,20,16810.9,5462.65,4420.55
P100162,60008,390 - G.I. OBSTRUCTION W/O CC/MCC,140231,IL - Hinsdale,40,15163.1,3873.03,2701.15
P100163,60008,390 - G.I. OBSTRUCTION W/O CC/MCC,140233,IL - Rockford,27,16638.78,3562.74,2759.52
P100164,60008,390 - G.I. OBSTRUCTION W/O CC/MCC,140239,IL - Rockford,11,14683.73,4009.45,2986.18
P100165,60008,390 - G.I. OBSTRUCTION W/O CC/MCC,140242,IL - Melrose Park,32,21007.91,3683.66,2878.03
P100166,60008,390 - G.I. OBSTRUCTION W/O CC/MCC,140250,IL - Blue Island,17,19696.41,4147.24,2691.76
P100167,60008,390 - G.I. OBSTRUCTION W/O CC/MCC,140252,IL - Evanston,67,17087.46,3990.99,2712.81
P100168,60008,390 - G.I. OBSTRUCTION W/O CC/MCC,140258,IL - Melrose Park,28,17647.36,4865.11,2632.36
P100169,10005,390 - G.I. OBSTRUCTION W/O CC/MCC,140275,IA - Davenport,17,10061.29,3630.41,2837
P10017,60008,069 - TRANSIENT ISCHEMIA,260005,MO - St. Louis,67,21640.78,4395.15,3280.58
P100170,60008,390 - G.I. OBSTRUCTION W/O CC/MCC,140276,IL - Melrose Park,11,12871.91,5831.64,5017.09
P100171,60008,390 - G.I. OBSTRUCTION W/O CC/MCC,140280,IA - Davenport,36,10146.83,4054.89,2558.89
P100172,60008,390 - G.I. OBSTRUCTION W/O CC/MCC,140281,IL - Chicago,51,22911.76,5740.8,4743.16
P100173,60009,390 - G.I. OBSTRUCTION W/O CC/MCC,140286,IL - Rockford,14,14906.21,3699.5,2736.07
P100174,60009,390 - G.I. OBSTRUCTION W/O CC/MCC,140288,IL - Hinsdale,38,15819.18,3828.71,2727.13
P100175,60009,390 - G.I. OBSTRUCTION W/O CC/MCC,140290,IL - Elgin,15,20058.67,3888.47,2918.07
P100176,60009,390 - G.I. OBSTRUCTION W/O CC/MCC,140291,IL - Elgin,19,13728.47,4103,2640.53
P100177,60009,390 - G.I. OBSTRUCTION W/O CC/MCC,150002,IN - Gary,21,12787.52,4361.1,3132.71
P100178,60009,390 - G.I. OBSTRUCTION W/O CC/MCC,150009,KY - Louisville,15,9598.53,3901.93,2617.27
P100179,10005,390 - G.I. OBSTRUCTION W/O CC/MCC,150012,IN - South Bend,16,13713.75,4209.88,3364.88
P10018,60009,069 - TRANSIENT ISCHEMIA,260006,MO - Kansas City,136,17091.1,5712.36,4331.32
P100180,60009,390 - G.I. OBSTRUCTION W/O CC/MCC,150017,IN - Fort Wayne,22,14369.14,4204.64,2713.27
P100181,60009,390 - G.I. OBSTRUCTION W/O CC/MCC,150021,IN - Fort Wayne,17,13998.76,3997.41,2683.53
P100182,60009,390 - G.I. OBSTRUCTION W/O CC/MCC,150023,IN - Terre Haute,28,15572.36,4114.71,2791.39
P100183,60009,390 - G.I. OBSTRUCTION W/O CC/MCC,150033,IN - Indianapolis,23,14781.91,3769.74,2723.22
P100184,60009,390 - G.I. OBSTRUCTION W/O CC/MCC,150034,IN - Gary,12,11697.42,3833.83,2890.5
P100185,60009,390 - G.I. OBSTRUCTION W/O CC/MCC,150035,IN - Gary,18,20555.56,3796,2741.11
P100186,60009,390 - G.I. OBSTRUCTION W/O CC/MCC,150037,IN - Indianapolis,11,9396,3564,2649.45
P100187,60009,390 - G.I. OBSTRUCTION W/O CC/MCC,150042,IN - Evansville,18,9666.06,3882.94,2244.22
P100188,60010,390 - G.I. OBSTRUCTION W/O CC/MCC,150044,KY - Louisville,19,9528.32,3607.95,2201.84
P100189,10005,390 - G.I. OBSTRUCTION W/O CC/MCC,150048,IN - Indianapolis,20,10561.05,4511.65,2876.25
P10019,60010,069 - TRANSIENT ISCHEMIA,260009,MO - Columbia,14,12785.14,4290.07,2898.07
P100190,60010,390 - G.I. OBSTRUCTION W/O CC/MCC,150051,IN - Indianapolis,27,13154.74,3876.33,2746.81
P100191,60010,390 - G.I. OBSTRUCTION W/O CC/MCC,150056,IN - Indianapolis,38,18434.26,7076.71,4735.58
P100192,60010,390 - G.I. OBSTRUCTION W/O CC/MCC,150058,IN - South Bend,12,12587.5,4220.42,3336.5
P100193,60010,390 - G.I. OBSTRUCTION W/O CC/MCC,150059,IN - Indianapolis,15,12953.13,3607.47,2708.27
P100194,60010,390 - G.I. OBSTRUCTION W/O CC/MCC,150061,IN - Evansville,14,7218.07,3723.43,2921.71
P100195,60010,390 - G.I. OBSTRUCTION W/O CC/MCC,150069,KY - Louisville,13,11826.31,3637.69,2510.62
P100196,60010,390 - G.I. OBSTRUCTION W/O CC/MCC,150082,IN - Evansville,35,12519.43,3422.57,2490.11
P100197,60010,390 - G.I. OBSTRUCTION W/O CC/MCC,150084,IN - Indianapolis,50,13405.14,4661.72,3009.92
P100198,60010,390 - G.I. OBSTRUCTION W/O CC/MCC,150088,IN - Indianapolis,17,15752.29,4526.29,2812.88
P100199,10005,390 - G.I. OBSTRUCTION W/O CC/MCC,150089,IN - Muncie,39,18983.67,4530.85,3373.38
P1002,60010,039 - EXTRACRANIAL PROCEDURES W/O CC/MCC,10006,AL - Birmingham,24,37560.38,5434.96,4453.79
P10020,60010,069 - TRANSIENT ISCHEMIA,260011,MO - Columbia,37,15461.86,4204.05,2588.81
P100200,60010,390 - G.I. OBSTRUCTION W/O CC/MCC,150097,IN - Indianapolis,11,12631.09,4036.91,2541.55
P100201,60010,390 - G.I. OBSTRUCTION W/O CC/MCC,150100,IN - Evansville,22,14681.23,3537.77,2571.77
P100202,60011,390 - G.I. OBSTRUCTION W/O CC/MCC,150109,IN - Lafayette,20,16319.15,3850,2892.6
P100203,60011,390 - G.I. OBSTRUCTION W/O CC/MCC,150112,IN - Indianapolis,19,11126.63,3824.68,2937.74
P100204,60011,390 - G.I. OBSTRUCTION W/O CC/MCC,150125,IN - Munster,30,13041.7,3717.77,2711.53
P100205,60011,390 - G.I. OBSTRUCTION W/O CC/MCC,150126,IN - Gary,11,11002.36,3673.73,2956.27
P100206,60011,390 - G.I. OBSTRUCTION W/O CC/MCC,150161,IN - Indianapolis,11,11410.64,4494.82,2475.09
P100207,60011,390 - G.I. OBSTRUCTION W/O CC/MCC,150169,IN - Indianapolis,17,12262.53,3720,2726.82
P100208,10005,390 - G.I. OBSTRUCTION W/O CC/MCC,150173,IN - Lafayette,14,23673.86,4236.57,3197
P100209,60011,390 - G.I. OBSTRUCTION W/O CC/MCC,160001,IA - Des Moines,22,7886.73,3863.18,2942.82
P10021,60011,069 - TRANSIENT ISCHEMIA,260017,MO - St. Louis,16,20787.75,6296.38,3796.88
P100210,60011,390 - G.I. OBSTRUCTION W/O CC/MCC,160024,IA - Des Moines,11,14883.91,4075,3254.64
P100211,60011,390 - G.I. OBSTRUCTION W/O CC/MCC,160029,IA - Iowa City,14,12317.21,3929.5,2419.29
P100212,60011,390 - G.I. OBSTRUCTION W/O CC/MCC,160030,IA - Des Moines,23,12779.13,3684.57,2730.26
P100213,60011,390 - G.I. OBSTRUCTION W/O CC/MCC,160033,IA - Davenport,21,9887.33,3690.19,2547.67
P100214,60011,390 - G.I. OBSTRUCTION W/O CC/MCC,160045,IA - Cedar Rapids,27,14081.74,3823.67,3009.41
P100215,60011,390 - G.I. OBSTRUCTION W/O CC/MCC,160047,NE - Omaha,17,14277,3589,2729
P100216,60011,390 - G.I. OBSTRUCTION W/O CC/MCC,160057,IA - Davenport,15,8226.2,3668.27,2620.27
P100217,60012,390 - G.I. OBSTRUCTION W/O CC/MCC,160058,IA - Iowa City,21,14054.95,6121.62,4897.19
P100218,10005,390 - G.I. OBSTRUCTION W/O CC/MCC,160064,IA - Mason City,32,11499.97,3926.63,2994.59
P100219,60012,390 - G.I. OBSTRUCTION W/O CC/MCC,160069,IA - Dubuque,45,11749.87,3252.04,2328.4
P10022,60012,069 - TRANSIENT ISCHEMIA,260020,MO - St. Louis,41,18319.59,4536.12,3257.1
P100220,60012,390 - G.I. OBSTRUCTION W/O CC/MCC,160079,IA - Cedar Rapids,28,11366.43,3319.96,2312.68
P100221,60012,390 - G.I. OBSTRUCTION W/O CC/MCC,160080,IA - Davenport,12,9782.42,4056,3220.33
P100222,60012,390 - G.I. OBSTRUCTION W/O CC/MCC,160082,IA - Des Moines,32,13611.19,4242.09,2966.16
P100223,60012,390 - G.I. OBSTRUCTION W/O CC/MCC,160083,IA - Des Moines,37,12091.95,4231.32,2832.03
P100224,60012,390 - G.I. OBSTRUCTION W/O CC/MCC,160110,IA - Waterloo,27,9665.48,3790.04,2539.89
P100225,60012,390 - G.I. OBSTRUCTION W/O CC/MCC,160117,IA - Dubuque,20,7020.05,3271.6,2429
P100226,60012,390 - G.I. OBSTRUCTION W/O CC/MCC,160146,IA - Sioux City,20,9424.35,4048.95,3097.95
P100227,60012,390 - G.I. OBSTRUCTION W/O CC/MCC,160153,IA - Sioux City,19,10306.58,3511,2625.74
P100228,10005,390 - G.I. OBSTRUCTION W/O CC/MCC,170012,KS - Wichita,14,9140.64,3928.71,2568.5
P100229,60012,390 - G.I. OBSTRUCTION W/O CC/MCC,170013,KS - Wichita,12,15578,4458,3520
P10023,60012,069 - TRANSIENT ISCHEMIA,260023,MO - St. Louis,66,10383.23,4027.82,3207.94
P100230,60012,390 - G.I. OBSTRUCTION W/O CC/MCC,170020,KS - Wichita,12,13015.92,4106.5,2721.5
P100231,60012,390 - G.I. OBSTRUCTION W/O CC/MCC,170040,MO - Kansas City,14,25973.07,4596.43,3597.21
P100232,60013,390 - G.I. OBSTRUCTION W/O CC/MCC,170049,MO - Kansas City,14,13683.57,3621.07,2172.14
P100233,60013,390 - G.I. OBSTRUCTION W/O CC/MCC,170058,MO - Joplin,12,15461.25,4065.67,3224.67
P100234,60013,390 - G.I. OBSTRUCTION W/O CC/MCC,170086,KS - Topeka,22,18851.32,3982.77,2581.23
P100235,60013,390 - G.I. OBSTRUCTION W/O CC/MCC,170104,MO - Kansas City,27,16623.37,3708.07,2090.96
P100236,60013,390 - G.I. OBSTRUCTION W/O CC/MCC,170120,KS - Wichita,17,9096.29,3770.29,2912.18
P100237,60013,390 - G.I. OBSTRUCTION W/O CC/MCC,170122,KS - Wichita,37,13545.24,3923.3,2907.32
P100238,10005,390 - G.I. OBSTRUCTION W/O CC/MCC,170123,KS - Wichita,21,27999.95,4163.71,3199.52
P100239,60013,390 - G.I. OBSTRUCTION W/O CC/MCC,170137,MO - Kansas City,18,8853.17,3817.83,2582.17
P10024,60013,069 - TRANSIENT ISCHEMIA,260027,MO - Kansas City,17,54926.76,4648.65,3657.35
P100240,60013,390 - G.I. OBSTRUCTION W/O CC/MCC,170142,KS - Topeka,11,11168.18,3347.64,2218.55
P100241,60013,390 - G.I. OBSTRUCTION W/O CC/MCC,170200,KS - Wichita,12,16964.58,3985.25,1860.42
P100242,60013,390 - G.I. OBSTRUCTION W/O CC/MCC,180001,KY - Covington,14,9068.5,3967,2726.5
P100243,60013,390 - G.I. OBSTRUCTION W/O CC/MCC,180004,TN - Nashville,12,9877,3708,2778
P100244,60013,390 - G.I. OBSTRUCTION W/O CC/MCC,180009,WV - Huntington,25,13934.8,3884.12,2943.48
P100245,60013,390 - G.I. OBSTRUCTION W/O CC/MCC,180010,KY - Lexington,35,10979.03,3454.97,2715.66
P100246,60013,390 - G.I. OBSTRUCTION W/O CC/MCC,180012,KY - Louisville,14,7611.36,3402.21,2434.21
P100247,60014,390 - G.I. OBSTRUCTION W/O CC/MCC,180013,TN - Nashville,27,12614.7,3897.56,2985.85
P100248,10005,390 - G.I. OBSTRUCTION W/O CC/MCC,180027,KY - Paducah,19,10746.89,3433,2426.89
P100249,60014,390 - G.I. OBSTRUCTION W/O CC/MCC,180035,KY - Covington,30,10293.67,4165.97,3039.27
P10025,60014,069 - TRANSIENT ISCHEMIA,260032,MO - St. Louis,50,14975.1,5762.26,4458.48
P100250,60014,390 - G.I. OBSTRUCTION W/O CC/MCC,180036,WV - Huntington,12,10146.92,3977.08,2212.83
P100251,60014,390 - G.I. OBSTRUCTION W/O CC/MCC,180038,KY - Owensboro,11,8146.55,4284.09,3257.91
P100252,60014,390 - G.I. OBSTRUCTION W/O CC/MCC,180040,KY - Louisville,31,11797.1,4251.84,2825.77
P100253,60014,390 - G.I. OBSTRUCTION W/O CC/MCC,180044,KY - Lexington,18,19024.67,4514.67,3891.11
P100254,60014,390 - G.I. OBSTRUCTION W/O CC/MCC,180045,KY - Covington,12,9282.58,3872,2758.67
P100255,60014,390 - G.I. OBSTRUCTION W/O CC/MCC,180048,KY - Lexington,13,7405.08,3825.38,2698.31
P100256,60014,390 - G.I. OBSTRUCTION W/O CC/MCC,180067,KY - Lexington,19,12361.68,5836.79,5128.79
P100257,60014,390 - G.I. OBSTRUCTION W/O CC/MCC,180080,KY - Lexington,13,15269.69,3736.31,3129.23
P100258,10005,390 - G.I. OBSTRUCTION W/O CC/MCC,180087,KY - Louisville,12,7928.75,3805.5,2681.5
P100259,60014,390 - G.I. OBSTRUCTION W/O CC/MCC,180088,KY - Louisville,51,12331.88,4322.24,3380.61
P10026,60014,069 - TRANSIENT ISCHEMIA,260040,MO - Springfield,54,15516.07,4377.93,3329.78
P100260,60014,390 - G.I. OBSTRUCTION W/O CC/MCC,180093,KY - Paducah,14,11714.86,3837.86,2867.57
P100261,60014,390 - G.I. OBSTRUCTION W/O CC/MCC,180102,KY - Paducah,22,12047.09,3385,2144.36
P100262,60015,390 - G.I. OBSTRUCTION W/O CC/MCC,180103,KY - Lexington,20,9614.85,3902.4,2501
P100263,60015,390 - G.I. OBSTRUCTION W/O CC/MCC,180104,KY - Paducah,21,10647.14,3412.1,2465.86
P100264,60015,390 - G.I. OBSTRUCTION W/O CC/MCC,180130,KY - Louisville,41,9325.24,3473.78,2297.37
P100265,60015,390 - G.I. OBSTRUCTION W/O CC/MCC,180132,KY - Lexington,34,18579.32,4020.91,3128.56
P100266,60015,390 - G.I. OBSTRUCTION W/O CC/MCC,190002,LA - Lafayette,22,9625.64,4220.36,2562.18
P100267,60015,390 - G.I. OBSTRUCTION W/O CC/MCC,190008,LA - Houma,19,10539.11,3768.42,2243.42
P100268,10005,390 - G.I. OBSTRUCTION W/O CC/MCC,190015,LA - Baton Rouge,19,22896.89,4142.79,3229.05
P100269,60015,390 - G.I. OBSTRUCTION W/O CC/MCC,190019,LA - Alexandria,21,22383.9,4993.67,2601.24
P10027,60015,069 - TRANSIENT ISCHEMIA,260047,MO - Columbia,22,11695.09,4623.64,3804.73
P100270,60015,390 - G.I. OBSTRUCTION W/O CC/MCC,190026,LA - Alexandria,21,18366.95,4264.57,2858.86
P100271,60015,390 - G.I. OBSTRUCTION W/O CC/MCC,190027,LA - Lake Charles,16,14980.25,3271.63,2287.13
P100272,60015,390 - G.I. OBSTRUCTION W/O CC/MCC,190036,LA - New Orleans,17,14142.71,4887.18,3467.29
P100273,60015,390 - G.I. OBSTRUCTION W/O CC/MCC,190039,LA - New Orleans,12,14348.42,4014,2989.67
P100274,60015,390 - G.I. OBSTRUCTION W/O CC/MCC,190040,LA - Slidell,15,15713.07,3639.73,2639.87
P100275,60015,390 - G.I. OBSTRUCTION W/O CC/MCC,190041,LA - Shreveport,22,16253.32,4024.45,3101.18
P100276,60015,390 - G.I. OBSTRUCTION W/O CC/MCC,190045,LA - Metairie,14,20453.43,3650.86,2844.57
P100277,60016,390 - G.I. OBSTRUCTION W/O CC/MCC,190054,LA - Lafayette,12,14802,3453,2795.33
P100278,10005,390 - G.I. OBSTRUCTION W/O CC/MCC,190060,LA - Lake Charles,16,20549.19,5049.13,2965.06
P100279,60016,390 - G.I. OBSTRUCTION W/O CC/MCC,190064,LA - Baton Rouge,22,11804.41,4117.91,2609.18
P10028,60016,069 - TRANSIENT ISCHEMIA,260048,MO - Kansas City,23,11922.3,7360.83,6479.09
P100280,60016,390 - G.I. OBSTRUCTION W/O CC/MCC,190065,LA - Baton Rouge,17,9441.35,4263.59,3274.18
P100281,60016,390 - G.I. OBSTRUCTION W/O CC/MCC,190086,LA - Shreveport,15,19936.07,4101.33,2946.87
P100282,60016,390 - G.I. OBSTRUCTION W/O CC/MCC,190102,LA - Lafayette,26,8038.46,3514.19,2735.42
P100283,60016,390 - G.I. OBSTRUCTION W/O CC/MCC,190111,LA - Shreveport,32,15942.03,3938.88,2684.5
P100284,60016,390 - G.I. OBSTRUCTION W/O CC/MCC,190114,LA - Shreveport,12,7574.5,3782,2322.5
P100285,60016,390 - G.I. OBSTRUCTION W/O CC/MCC,190125,LA - Monroe,20,12666.35,3820.4,3036
P100286,60016,390 - G.I. OBSTRUCTION W/O CC/MCC,190144,LA - Shreveport,13,12242.85,4189.38,3408.15
P100287,60016,390 - G.I. OBSTRUCTION W/O CC/MCC,190146,LA - Metairie,16,9556.44,3741.5,2302.19
P100288,10005,390 - G.I. OBSTRUCTION W/O CC/MCC,190160,LA - Monroe,16,17271,3577.94,2591.44
P100289,60016,390 - G.I. OBSTRUCTION W/O CC/MCC,190167,LA - Lafayette,14,13947.43,4118.14,2990.29
P10029,60016,069 - TRANSIENT ISCHEMIA,260064,MO - Columbia,17,16088.94,4854.94,3930.18
P100290,60016,390 - G.I. OBSTRUCTION W/O CC/MCC,190205,LA - Lafayette,11,23668.36,4239,3221.55
P100291,60016,390 - G.I. OBSTRUCTION W/O CC/MCC,190236,LA - Shreveport,12,14537.25,3441.5,2503.5
P100292,60020,390 - G.I. OBSTRUCTION W/O CC/MCC,190242,LA - Baton Rouge,13,9782.69,4010,3064.46
P100293,60020,390 - G.I. OBSTRUCTION W/O CC/MCC,200001,ME - Bangor,14,7836.29,3590,2869.14
P100294,60020,390 - G.I. OBSTRUCTION W/O CC/MCC,200009,ME - Portland,30,9318.27,4667.27,3499.33
P100295,60020,390 - G.I. OBSTRUCTION W/O CC/MCC,200020,ME - Portland,15,15223.93,3597,2704.2
P100296,60020,390 - G.I. OBSTRUCTION W/O CC/MCC,200033,ME - Bangor,20,10486.05,4213.85,3536.25
P100297,60020,390 - G.I. OBSTRUCTION W/O CC/MCC,200037,ME - Portland,13,15244.46,4798.31,4275.85
P100298,10006,390 - G.I. OBSTRUCTION W/O CC/MCC,200039,ME - Portland,19,10584.58,4142.53,3429.26
P100299,60020,390 - G.I. OBSTRUCTION W/O CC/MCC,200063,ME - Portland,19,9105.63,4430,3897.16
P1003,60020,039 - EXTRACRANIAL PROCEDURES W/O CC/MCC,10011,AL - Birmingham,25,13998.28,5417.56,4129.16
P10030,60020,069 - TRANSIENT ISCHEMIA,260065,MO - Springfield,59,17318.75,4164.93,3110.81
P100300,60020,390 - G.I. OBSTRUCTION W/O CC/MCC,210001,DC - Washington,23,6338.7,6020.61,4822.52
P100301,60020,390 - G.I. OBSTRUCTION W/O CC/MCC,210004,MD - Takoma Park,23,6936.87,6686.83,5106.83
P100302,60020,390 - G.I. OBSTRUCTION W/O CC/MCC,210005,DC - Washington,13,5329.15,5009.38,4058.92
P100303,60020,390 - G.I. OBSTRUCTION W/O CC/MCC,210007,MD - Baltimore,25,8147.24,7658.4,6619.52
P100304,60020,390 - G.I. OBSTRUCTION W/O CC/MCC,210008,MD - Baltimore,14,7495.14,7045.5,6246.07
P100305,60020,390 - G.I. OBSTRUCTION W/O CC/MCC,210009,MD - Baltimore,25,11880.92,11273.2,10033.12
P100306,60022,390 - G.I. OBSTRUCTION W/O CC/MCC,210011,MD - Baltimore,21,5970.19,5611.9,4538.38
P100307,10006,390 - G.I. OBSTRUCTION W/O CC/MCC,210012,MD - Baltimore,32,8209.56,7752.31,6934.56
P100308,60022,390 - G.I. OBSTRUCTION W/O CC/MCC,210015,MD - Baltimore,24,9503.13,8982.75,7920.29
P100309,60022,390 - G.I. OBSTRUCTION W/O CC/MCC,210017,WV - Morgantown,18,4277.78,4021.17,2896.28
P10031,60022,069 - TRANSIENT ISCHEMIA,260068,MO - Columbia,44,13025.2,3636.16,2740.07
P100310,60022,390 - G.I. OBSTRUCTION W/O CC/MCC,210018,MD - Takoma Park,39,4660.49,4409.03,3319.85
P100311,60022,390 - G.I. OBSTRUCTION W/O CC/MCC,210019,MD - Salisbury,17,7572.35,7184.53,5749.53
P100312,60022,390 - G.I. OBSTRUCTION W/O CC/MCC,210022,DC - Washington,39,4510.85,4297.38,3141.54
P100313,60022,390 - G.I. OBSTRUCTION W/O CC/MCC,210023,DC - Washington,41,5630.88,5292.95,4275.29
P100314,60022,390 - G.I. OBSTRUCTION W/O CC/MCC,210024,MD - Baltimore,12,6558,6258.92,4757.08
P100315,60022,390 - G.I. OBSTRUCTION W/O CC/MCC,210027,DC - Washington,46,4977.93,4680.54,3850.2
P100316,60022,390 - G.I. OBSTRUCTION W/O CC/MCC,210028,DC - Washington,18,4868.5,4637.44,3506.56
P100317,10006,390 - G.I. OBSTRUCTION W/O CC/MCC,210029,MD - Baltimore,14,7117.21,6690.29,5650.57
P100318,60022,390 - G.I. OBSTRUCTION W/O CC/MCC,210033,MD - Baltimore,26,6766.35,6409.92,5332.88
P100319,60022,390 - G.I. OBSTRUCTION W/O CC/MCC,210034,MD - Baltimore,12,6534.17,6236.33,4966.67
P10032,60022,069 - TRANSIENT ISCHEMIA,260077,MO - St. Louis,68,14844.41,3949.62,2856.49
P100320,60022,390 - G.I. OBSTRUCTION W/O CC/MCC,210035,DC - Washington,16,5238.13,4923.81,4084.81
P100321,60023,390 - G.I. OBSTRUCTION W/O CC/MCC,210037,MD - Baltimore,25,6010.6,5695.16,4784.8
P100322,60023,390 - G.I. OBSTRUCTION W/O CC/MCC,210040,MD - Baltimore,23,7935.91,7507.52,6517.48
P100323,60023,390 - G.I. OBSTRUCTION W/O CC/MCC,210043,MD - Baltimore,24,5136.46,4926.96,3797.96
P100324,60023,390 - G.I. OBSTRUCTION W/O CC/MCC,210044,MD - Baltimore,30,6498.43,6108.5,5399.03
P100325,60023,390 - G.I. OBSTRUCTION W/O CC/MCC,210048,MD - Baltimore,16,5573.75,5310.06,4074
P100326,60023,390 - G.I. OBSTRUCTION W/O CC/MCC,210049,MD - Baltimore,12,4039.25,3796.92,2858.92
P100327,10006,390 - G.I. OBSTRUCTION W/O CC/MCC,210051,MD - Takoma Park,20,4577.7,4359.65,3114.7
P100328,60023,390 - G.I. OBSTRUCTION W/O CC/MCC,210054,DC - Washington,16,4451.69,4184.63,3268.88
P100329,60023,390 - G.I. OBSTRUCTION W/O CC/MCC,210056,MD - Baltimore,11,5546.91,5329.27,3941
P10033,60023,069 - TRANSIENT ISCHEMIA,260081,MO - St. Louis,54,22126.7,3836.22,2900.59
P100330,60023,390 - G.I. OBSTRUCTION W/O CC/MCC,210057,DC - Washington,24,5854.96,5551.08,4491.71
P100331,60023,390 - G.I. OBSTRUCTION W/O CC/MCC,210061,MD - Salisbury,14,5534.64,5400.21,3036.79
P100332,60023,390 - G.I. OBSTRUCTION W/O CC/MCC,220002,MA - Boston,28,8750.46,5028.43,4110
P100333,60023,390 - G.I. OBSTRUCTION W/O CC/MCC,220008,RI - Providence,19,8596.58,4130.47,3362.68
P100334,60023,390 - G.I. OBSTRUCTION W/O CC/MCC,220010,MA - Boston,11,9783.91,4954.91,4131.64
P100335,60023,390 - G.I. OBSTRUCTION W/O CC/MCC,220011,MA - Boston,17,12450.65,6003.71,4984.76
P100336,60024,390 - G.I. OBSTRUCTION W/O CC/MCC,220012,MA - Boston,73,9771.27,5406.63,4527.12
P100337,10006,390 - G.I. OBSTRUCTION W/O CC/MCC,220015,MA - Springfield,13,9561.77,3806.23,2766.23
P100338,60024,390 - G.I. OBSTRUCTION W/O CC/MCC,220017,MA - Boston,11,7356.27,6055.27,4937.82
P100339,60024,390 - G.I. OBSTRUCTION W/O CC/MCC,220024,MA - Springfield,14,6601.21,4237.43,3193.14
P10034,60024,069 - TRANSIENT ISCHEMIA,260085,MO - Kansas City,29,17100.55,3769.24,2917.1
P100340,60024,390 - G.I. OBSTRUCTION W/O CC/MCC,220029,MA - Boston,13,8248.46,4312.38,3269.92
P100341,60024,390 - G.I. OBSTRUCTION W/O CC/MCC,220031,MA - Boston,16,9836.88,7648,6805
P100342,60024,390 - G.I. OBSTRUCTION W/O CC/MCC,220033,MA - Boston,28,7359.32,4475.29,3551.14
P100343,60024,390 - G.I. OBSTRUCTION W/O CC/MCC,220035,MA - Boston,39,17945.26,4791.79,3602.13
P100344,60024,390 - G.I. OBSTRUCTION W/O CC/MCC,220046,NY - Albany,36,8968.78,5043.33,4141.22
P100345,60024,390 - G.I. OBSTRUCTION W/O CC/MCC,220049,MA - Worcester,15,11616.27,4397.4,2998.53
P100346,60024,390 - G.I. OBSTRUCTION W/O CC/MCC,220052,MA - Boston,13,7403.62,5124.08,4084.08
P100347,10006,390 - G.I. OBSTRUCTION W/O CC/MCC,220060,MA - Boston,34,6417.44,4622.32,3091.65
P100348,60024,390 - G.I. OBSTRUCTION W/O CC/MCC,220066,MA - Springfield,21,9186.67,4731.81,3428.1
P100349,60024,390 - G.I. OBSTRUCTION W/O CC/MCC,220067,MA - Boston,11,8977.36,4345,3527.55
P10035,60024,069 - TRANSIENT ISCHEMIA,260091,MO - St. Louis,51,20865.75,5546.61,4345.61
P100350,60024,390 - G.I. OBSTRUCTION W/O CC/MCC,220070,MA - Boston,47,6289.89,4645.17,3602.85
P100351,60027,390 - G.I. OBSTRUCTION W/O CC/MCC,220071,MA - Boston,33,21695.79,6516.42,5057.09
P100352,60027,390 - G.I. OBSTRUCTION W/O CC/MCC,220073,MA - Boston,18,5779.5,4427.56,3140.11
P100353,60027,390 - G.I. OBSTRUCTION W/O CC/MCC,220074,MA - Boston,72,10296.32,4461.49,3506.68
P100354,60027,390 - G.I. OBSTRUCTION W/O CC/MCC,220077,MA - Springfield,30,11837.13,5784.57,4321.33
P100355,60027,390 - G.I. OBSTRUCTION W/O CC/MCC,220082,MA - Boston,15,7424,4400.67,3583.33
P100356,60027,390 - G.I. OBSTRUCTION W/O CC/MCC,220084,MA - Boston,18,19513.83,3969.33,3221.78
P100357,10006,390 - G.I. OBSTRUCTION W/O CC/MCC,220086,MA - Boston,44,10495.89,6902.41,5801.3
P100358,60027,390 - G.I. OBSTRUCTION W/O CC/MCC,220090,MA - Boston,11,11442.36,4271,3450.64
P100359,60027,390 - G.I. OBSTRUCTION W/O CC/MCC,220100,MA - Boston,39,11617.26,4290.08,3073.72
P10036,60027,069 - TRANSIENT ISCHEMIA,260094,MO - Springfield,28,13545.68,4326.93,2904.71
P100360,60027,390 - G.I. OBSTRUCTION W/O CC/MCC,220101,MA - Boston,33,13592.61,4395.18,3431.06
P100361,60027,390 - G.I. OBSTRUCTION W/O CC/MCC,220105,MA - Boston,37,6784.08,3991,3109.81
P100362,60027,390 - G.I. OBSTRUCTION W/O CC/MCC,220110,MA - Boston,42,24872.86,6532.79,5404.81
P100363,60027,390 - G.I. OBSTRUCTION W/O CC/MCC,220111,MA - Boston,15,6394.13,4831.4,4009.8
P100364,60027,390 - G.I. OBSTRUCTION W/O CC/MCC,220119,MA - Boston,16,16527.06,5032.5,3977.25
P100365,60027,390 - G.I. OBSTRUCTION W/O CC/MCC,220126,MA - Boston,20,8338.5,4116,3441.6
P100366,60028,390 - G.I. OBSTRUCTION W/O CC/MCC,220135,MA - Boston,12,10319.08,4377.08,3253.08
P100367,10006,390 - G.I. OBSTRUCTION W/O CC/MCC,220163,MA - Worcester,36,16462.42,6582.83,5475.42
P100368,60028,390 - G.I. OBSTRUCTION W/O CC/MCC,220171,MA - Boston,35,7419.63,5143.77,3921.74
P100369,60028,390 - G.I. OBSTRUCTION W/O CC/MCC,220175,MA - Boston,12,11058.42,4689.08,3654.08
P10037,60028,069 - TRANSIENT ISCHEMIA,260095,MO - Kansas City,58,37496.16,4144.14,3282.24
P100370,60028,390 - G.I. OBSTRUCTION W/O CC/MCC,220176,MA - Worcester,11,9258.45,5181.45,3511.64
P100371,60028,390 - G.I. OBSTRUCTION W/O CC/MCC,230002,MI - Ann Arbor,26,9519.38,3967.69,2494
P100372,60028,390 - G.I. OBSTRUCTION W/O CC/MCC,230004,MI - Muskegon,21,10368.9,4063.48,3262.52
P100373,60028,390 - G.I. OBSTRUCTION W/O CC/MCC,230015,MI - Kalamazoo,11,13676.36,6394.64,3093.45
P100374,60028,390 - G.I. OBSTRUCTION W/O CC/MCC,230017,MI - Kalamazoo,28,13116.36,4911.54,3974.46
P100375,60028,390 - G.I. OBSTRUCTION W/O CC/MCC,230019,MI - Royal Oak,51,12825.69,4810.71,3840.47
P100376,60028,390 - G.I. OBSTRUCTION W/O CC/MCC,230020,MI - Dearborn,26,15177.19,4689.19,3739.96
P100377,10006,390 - G.I. OBSTRUCTION W/O CC/MCC,230021,MI - St. Joseph,20,8562,4182.2,2967.5
P100378,60028,390 - G.I. OBSTRUCTION W/O CC/MCC,230022,MI - Kalamazoo,12,8146.83,3942.83,3198.83
P100379,60028,390 - G.I. OBSTRUCTION W/O CC/MCC,230024,MI - Detroit,15,10975,5853.93,5103.53
P10038,60028,069 - TRANSIENT ISCHEMIA,260096,MO - Kansas City,67,18389.13,4141.99,2990.75
P100380,60028,390 - G.I. OBSTRUCTION W/O CC/MCC,230029,MI - Pontiac,16,11591.69,4905.13,4170.25
P100381,60030,390 - G.I. OBSTRUCTION W/O CC/MCC,230030,MI - Lansing,11,7870.18,5675.18,4654.82
P100382,60030,390 - G.I. OBSTRUCTION W/O CC/MCC,230031,MI - Detroit,11,10307.27,3565.45,2845.09
P100383,60030,390 - G.I. OBSTRUCTION W/O CC/MCC,230035,MI - Grand Rapids,12,7250.33,3963,3211
P100384,60030,390 - G.I. OBSTRUCTION W/O CC/MCC,230036,MI - Saginaw,14,12023.36,4387,3504.43
P100385,60030,390 - G.I. OBSTRUCTION W/O CC/MCC,230038,MI - Grand Rapids,52,8516.87,4771.06,3684.04
P100386,60030,390 - G.I. OBSTRUCTION W/O CC/MCC,230040,MI - Grand Rapids,13,8776.85,3827.54,2877.08
P100387,10006,390 - G.I. OBSTRUCTION W/O CC/MCC,230041,MI - Saginaw,23,11834.78,3795.17,2762.96
P100388,60030,390 - G.I. OBSTRUCTION W/O CC/MCC,230046,MI - Ann Arbor,29,18142.79,7022.55,5465.45
P100389,60030,390 - G.I. OBSTRUCTION W/O CC/MCC,230047,MI - Detroit,36,8277.06,3959.22,3022.11
P10039,60030,069 - TRANSIENT ISCHEMIA,260104,MO - St. Louis,64,24028.52,4519.97,3552.23
P100390,60030,390 - G.I. OBSTRUCTION W/O CC/MCC,230053,MI - Detroit,22,13779.32,6145.68,5332.59
P100391,60030,390 - G.I. OBSTRUCTION W/O CC/MCC,230054,MI - Marquette,13,5873.38,4579.23,3710.92
P100392,60030,390 - G.I. OBSTRUCTION W/O CC/MCC,230058,MI - Traverse City,13,12029.54,4104,3068.92
P100393,60030,390 - G.I. OBSTRUCTION W/O CC/MCC,230059,MI - Grand Rapids,15,12599.6,5127.2,4152.53
P100394,60030,390 - G.I. OBSTRUCTION W/O CC/MCC,230066,MI - Muskegon,16,7819.06,4088.75,3320.5
P100395,60030,390 - G.I. OBSTRUCTION W/O CC/MCC,230069,MI - Ann Arbor,12,14380.33,4385.17,3732.83
P100396,60031,390 - G.I. OBSTRUCTION W/O CC/MCC,230070,MI - Saginaw,24,14149.25,4183.08,3170.29
P100397,10006,390 - G.I. OBSTRUCTION W/O CC/MCC,230072,MI - Grand Rapids,11,9564.55,3927,3112.45
P100398,60031,390 - G.I. OBSTRUCTION W/O CC/MCC,230075,MI - Kalamazoo,15,9975.27,3941.33,2889.07
P100399,60031,390 - G.I. OBSTRUCTION W/O CC/MCC,230077,MI - Saginaw,28,11421,4085.21,3403.64
P1004,60031,039 - EXTRACRANIAL PROCEDURES W/O CC/MCC,10016,AL - Birmingham,18,31633.28,5658.33,4851.44
P10040,60031,069 - TRANSIENT ISCHEMIA,260105,MO - St. Louis,38,23483.95,6572.87,5225.79
P100400,60031,390 - G.I. OBSTRUCTION W/O CC/MCC,230080,MI - Lansing,16,9388.88,3489.75,2717.5
P100401,60031,390 - G.I. OBSTRUCTION W/O CC/MCC,230081,MI - Grand Rapids,13,10158.23,3639.08,2514.46
P100402,60031,390 - G.I. OBSTRUCTION W/O CC/MCC,230089,MI - Detroit,26,10174.69,3955.27,2917.73
P100403,60031,390 - G.I. OBSTRUCTION W/O CC/MCC,230092,MI - Ann Arbor,28,16811.68,3769.86,2968.14
P100404,60031,390 - G.I. OBSTRUCTION W/O CC/MCC,230097,MI - Traverse City,28,12077.68,4487.25,3343.79
P100405,60031,390 - G.I. OBSTRUCTION W/O CC/MCC,230099,OH - Toledo,13,11663.08,4042.31,2790.46
P100406,10006,390 - G.I. OBSTRUCTION W/O CC/MCC,230104,MI - Detroit,13,12201.62,6942.46,6253.23
P100407,60031,390 - G.I. OBSTRUCTION W/O CC/MCC,230105,MI - Petoskey,26,11518.38,4367.65,3374.88
P100408,60031,390 - G.I. OBSTRUCTION W/O CC/MCC,230117,MI - Kalamazoo,23,14563.7,4859.26,3048.09
P100409,60031,390 - G.I. OBSTRUCTION W/O CC/MCC,230130,MI - Royal Oak,58,11872.93,4970.45,3418.6
P10041,60031,069 - TRANSIENT ISCHEMIA,260108,MO - St. Louis,87,12539.28,3957.03,2856.43
P100410,60032,390 - G.I. OBSTRUCTION W/O CC/MCC,230141,MI - Flint,21,11638.24,4758.86,3642.48
P100411,60032,390 - G.I. OBSTRUCTION W/O CC/MCC,230146,MI - Dearborn,27,9022.96,3995.26,3080
P100412,60032,390 - G.I. OBSTRUCTION W/O CC/MCC,230151,MI - Ann Arbor,16,9517.38,5302.38,4528.13
P100413,60032,390 - G.I. OBSTRUCTION W/O CC/MCC,230156,MI - Ann Arbor,37,11600.35,4176.73,3151.22
P100414,60032,390 - G.I. OBSTRUCTION W/O CC/MCC,230165,MI - Detroit,37,12048.11,5087.95,4298.54
P100415,60032,390 - G.I. OBSTRUCTION W/O CC/MCC,230167,MI - Lansing,22,13355.45,4543.59,3201.32
P100416,10006,390 - G.I. OBSTRUCTION W/O CC/MCC,230195,MI - Detroit,36,14303.08,4400.25,3365.86
P100417,60032,390 - G.I. OBSTRUCTION W/O CC/MCC,230197,MI - Flint,12,15636.75,5015.75,4172.08
P100418,60032,390 - G.I. OBSTRUCTION W/O CC/MCC,230216,MI - Detroit,18,14310.56,3724.78,2668.11
P100419,60032,390 - G.I. OBSTRUCTION W/O CC/MCC,230217,MI - Kalamazoo,13,14462.54,3819.23,2963.23
P10042,60032,069 - TRANSIENT ISCHEMIA,260110,MO - Cape Girardeau,48,17828.65,4188.88,3371.46
P100420,60032,390 - G.I. OBSTRUCTION W/O CC/MCC,230222,MI - Saginaw,18,10439.61,4355.89,3362.11
P100421,60032,390 - G.I. OBSTRUCTION W/O CC/MCC,230227,MI - Detroit,15,9273.6,4329.67,3206.2
P100422,60032,390 - G.I. OBSTRUCTION W/O CC/MCC,230230,MI - Lansing,41,17633.05,4851.29,3834.95
P100423,60032,390 - G.I. OBSTRUCTION W/O CC/MCC,230236,MI - Grand Rapids,12,9248,4987.75,3214.42
P100424,60032,390 - G.I. OBSTRUCTION W/O CC/MCC,230244,MI - Dearborn,21,9959.43,4706.57,3693.05
P100425,60034,390 - G.I. OBSTRUCTION W/O CC/MCC,230254,MI - Royal Oak,12,13072,3860.67,2925.33
P100426,10006,390 - G.I. OBSTRUCTION W/O CC/MCC,230259,MI - Ann Arbor,14,7632.57,3945.71,2891.21
P100427,60034,390 - G.I. OBSTRUCTION W/O CC/MCC,230269,MI - Royal Oak,40,11145.8,3969.18,2890.3
P100428,60034,390 - G.I. OBSTRUCTION W/O CC/MCC,230277,MI - Pontiac,14,9808,4138,3250.86
P100429,60034,390 - G.I. OBSTRUCTION W/O CC/MCC,230302,MI - Royal Oak,17,12752.88,3927.94,2117.65
P10043,60034,069 - TRANSIENT ISCHEMIA,260113,MO - Cape Girardeau,18,16824.72,4845,3901.67
P100430,60034,390 - G.I. OBSTRUCTION W/O CC/MCC,240001,MN - Minneapolis,18,20954.94,4208.33,3105.72
P100431,60034,390 - G.I. OBSTRUCTION W/O CC/MCC,240002,MN - Duluth,24,9127.29,4312.67,3249.13
P100432,60034,390 - G.I. OBSTRUCTION W/O CC/MCC,240010,MN - Rochester,29,12202,4967.31,3902.86
P100433,60034,390 - G.I. OBSTRUCTION W/O CC/MCC,240020,MN - Minneapolis,11,17226.09,4025.64,3208.18
P100434,60034,390 - G.I. OBSTRUCTION W/O CC/MCC,240036,MN - St. Cloud,32,11907.94,4891,3942.88
P100435,60034,390 - G.I. OBSTRUCTION W/O CC/MCC,240038,MN - St. Paul,22,17198.91,4930.68,2953.14
P100436,10006,390 - G.I. OBSTRUCTION W/O CC/MCC,240040,MN - Minneapolis,11,9118.64,4442.45,3270
P100437,60034,390 - G.I. OBSTRUCTION W/O CC/MCC,240044,WI - La Crosse,13,8301.46,4417.38,3899.85
P100438,60034,390 - G.I. OBSTRUCTION W/O CC/MCC,240053,MN - Minneapolis,32,6719.13,4198.34,2888.59
P100439,60034,390 - G.I. OBSTRUCTION W/O CC/MCC,240056,MN - Minneapolis,11,7882.45,3796.09,2669.91
P10044,60034,069 - TRANSIENT ISCHEMIA,260119,MO - St. Louis,22,19570.45,5053.91,3293.59
P100440,60036,390 - G.I. OBSTRUCTION W/O CC/MCC,240057,MN - Minneapolis,33,20285.21,5312.15,3219.55
P100441,60036,390 - G.I. OBSTRUCTION W/O CC/MCC,240063,MN - St. Paul,17,12783.12,4277.82,3480.65
P100442,60036,390 - G.I. OBSTRUCTION W/O CC/MCC,240064,MN - Minneapolis,14,8569.71,3865.64,3387.36
P100443,60036,390 - G.I. OBSTRUCTION W/O CC/MCC,240066,MN - St. Paul,11,9855.45,3695.45,2978
P100444,60036,390 - G.I. OBSTRUCTION W/O CC/MCC,240075,MN - Minneapolis,17,9636.59,4183,3321.12
P100445,60036,390 - G.I. OBSTRUCTION W/O CC/MCC,240078,MN - Minneapolis,26,13529.88,3872.54,2709.77
P100446,10007,390 - G.I. OBSTRUCTION W/O CC/MCC,240088,MN - Minneapolis,12,9469.58,4716.67,3784
P100447,60036,390 - G.I. OBSTRUCTION W/O CC/MCC,240093,MN - Minneapolis,18,10676.17,4939.22,3091.17
P100448,60036,390 - G.I. OBSTRUCTION W/O CC/MCC,240100,ND - Fargo/Moorhead MN,17,12364.82,4017.35,3020.41
P100449,60036,390 - G.I. OBSTRUCTION W/O CC/MCC,240104,MN - Minneapolis,11,15694.91,3901.64,2878.36
P10045,60036,069 - TRANSIENT ISCHEMIA,260137,MO - Joplin,64,16859.48,4453.36,3486.44
P100450,60036,390 - G.I. OBSTRUCTION W/O CC/MCC,240106,MN - St. Paul,17,13067.18,5367.06,4436.71
P100451,60036,390 - G.I. OBSTRUCTION W/O CC/MCC,240115,MN - Minneapolis,24,19314.04,4315.63,2947.25
P100452,60036,390 - G.I. OBSTRUCTION W/O CC/MCC,240132,MN - Minneapolis,16,17871.75,5602.38,2847.56
P100453,60036,390 - G.I. OBSTRUCTION W/O CC/MCC,240207,MN - Minneapolis,21,14837.95,4097.48,3087
P100454,60036,390 - G.I. OBSTRUCTION W/O CC/MCC,240210,MN - St. Paul,27,11994.85,4298.63,3040.37
P100455,60043,390 - G.I. OBSTRUCTION W/O CC/MCC,240213,MN - St. Paul,18,15951.61,4065.56,2879.67
P100456,10007,390 - G.I. OBSTRUCTION W/O CC/MCC,250001,MS - Jackson,15,10110.07,5330.13,4125.73
P100457,60043,390 - G.I. OBSTRUCTION W/O CC/MCC,250004,MS - Tupelo,44,9233.18,3846.45,2837.45
P100458,60043,390 - G.I. OBSTRUCTION W/O CC/MCC,250009,TN - Memphis,18,15983.72,3594.28,2658.06
P100459,60043,390 - G.I. OBSTRUCTION W/O CC/MCC,250019,MS - Gulfport,16,26741.56,3934.38,2762
P10046,60043,069 - TRANSIENT ISCHEMIA,260138,MO - Kansas City,62,24907.65,5052.18,3994.03
P100460,60043,390 - G.I. OBSTRUCTION W/O CC/MCC,250031,MS - Jackson,12,19168.08,3963.67,3209
P100461,60043,390 - G.I. OBSTRUCTION W/O CC/MCC,250034,MS - Oxford,16,7808.5,3824,2659.13
P100462,60043,390 - G.I. OBSTRUCTION W/O CC/MCC,250040,AL - Mobile,20,15805,3612.5,2655.1
P100463,60043,390 - G.I. OBSTRUCTION W/O CC/MCC,250048,MS - Jackson,20,10261.1,3594.15,2488.1
P100464,60043,390 - G.I. OBSTRUCTION W/O CC/MCC,250050,MS - Tupelo,12,8464,3668.17,2628.08
P100465,60043,390 - G.I. OBSTRUCTION W/O CC/MCC,250058,MS - Hattiesburg,14,14970.57,4164.5,3117.93
P100466,10007,390 - G.I. OBSTRUCTION W/O CC/MCC,250077,MS - Hattiesburg,20,5155.5,3697,3387.3
P100467,60043,390 - G.I. OBSTRUCTION W/O CC/MCC,250078,MS - Hattiesburg,16,9720.13,3933.44,2880.19
P100468,60043,390 - G.I. OBSTRUCTION W/O CC/MCC,250082,TN - Memphis,20,10579.25,4148.25,3024.95
P100469,60043,390 - G.I. OBSTRUCTION W/O CC/MCC,250093,TN - Memphis,13,14213.92,3229.54,2622.46
P10047,60043,069 - TRANSIENT ISCHEMIA,260141,MO - Columbia,19,22480.11,5451.79,4442
P100470,60044,390 - G.I. OBSTRUCTION W/O CC/MCC,250094,MS - Hattiesburg,20,15975,3777.2,2992.8
P100471,60044,390 - G.I. OBSTRUCTION W/O CC/MCC,250102,MS - Jackson,54,12064.93,3440,2342.89
P100472,60044,390 - G.I. OBSTRUCTION W/O CC/MCC,250104,MS - Meridian,25,11688.88,3505.68,2514.64
P100473,60044,390 - G.I. OBSTRUCTION W/O CC/MCC,250122,MS - Jackson,17,30253.94,3566,2704.12
P100474,60044,390 - G.I. OBSTRUCTION W/O CC/MCC,250138,MS - Jackson,13,25823.54,3864.46,3188.92
P100475,60044,390 - G.I. OBSTRUCTION W/O CC/MCC,260001,MO - Joplin,28,10991.64,3576.04,3019.18
P100476,10007,390 - G.I. OBSTRUCTION W/O CC/MCC,260005,MO - St. Louis,21,16270.43,3838,2781.86
P100477,60044,390 - G.I. OBSTRUCTION W/O CC/MCC,260006,MO - Kansas City,39,12326.69,5241.1,3392.72
P100478,60044,390 - G.I. OBSTRUCTION W/O CC/MCC,260020,MO - St. Louis,22,14718.36,3857.64,2579.45
P100479,60044,390 - G.I. OBSTRUCTION W/O CC/MCC,260023,MO - St. Louis,17,10009.47,3509.76,2485.18
P10048,60044,069 - TRANSIENT ISCHEMIA,260160,MO - Cape Girardeau,11,10401.09,4475.82,3664.18
P100480,60044,390 - G.I. OBSTRUCTION W/O CC/MCC,260027,MO - Kansas City,11,33563.64,4050.18,2921.09
P100481,60044,390 - G.I. OBSTRUCTION W/O CC/MCC,260032,MO - St. Louis,45,12507.93,5137,3488.16
P100482,60044,390 - G.I. OBSTRUCTION W/O CC/MCC,260040,MO - Springfield,25,12320.32,3770.92,2749.12
P100483,60044,390 - G.I. OBSTRUCTION W/O CC/MCC,260047,MO - Columbia,11,8758.45,4027.91,3007.55
P100484,60044,390 - G.I. OBSTRUCTION W/O CC/MCC,260065,MO - Springfield,49,13509.61,3634.06,2636.61
P100485,60049,390 - G.I. OBSTRUCTION W/O CC/MCC,260068,MO - Columbia,27,8935.81,3276.26,2012.26
P100486,10007,390 - G.I. OBSTRUCTION W/O CC/MCC,260077,MO - St. Louis,31,11001.58,3438.48,2333.06
P100487,60049,390 - G.I. OBSTRUCTION W/O CC/MCC,260081,MO - St. Louis,14,13336,3342.14,2371.86
P100488,60049,390 - G.I. OBSTRUCTION W/O CC/MCC,260085,MO - Kansas City,32,17594.56,3453.75,2521.31
P100489,60049,390 - G.I. OBSTRUCTION W/O CC/MCC,260094,MO - Springfield,22,11091.86,3497.91,2576.09
P10049,60049,069 - TRANSIENT ISCHEMIA,260163,MO - St. Louis,17,7621.06,4031,3039.71
P100490,60049,390 - G.I. OBSTRUCTION W/O CC/MCC,260095,MO - Kansas City,11,28450.91,3422,2507.45
P100491,60049,390 - G.I. OBSTRUCTION W/O CC/MCC,260096,MO - Kansas City,24,18934.17,3831.83,2233.5
P100492,60049,390 - G.I. OBSTRUCTION W/O CC/MCC,260108,MO - St. Louis,44,11071.64,4068.7,2230.09
P100493,60049,390 - G.I. OBSTRUCTION W/O CC/MCC,260110,MO - Cape Girardeau,14,18961.43,3649.29,2847.57
P100494,60049,390 - G.I. OBSTRUCTION W/O CC/MCC,260119,MO - St. Louis,15,19625.33,4060.2,3156.73
P100495,60049,390 - G.I. OBSTRUCTION W/O CC/MCC,260137,MO - Joplin,11,12912.45,3870.73,2950.36
P100496,10007,390 - G.I. OBSTRUCTION W/O CC/MCC,260138,MO - Kansas City,16,15571.25,4567.94,2991.31
P100497,60049,390 - G.I. OBSTRUCTION W/O CC/MCC,260141,MO - Columbia,11,14831.55,4779.64,4062.18
P100498,60049,390 - G.I. OBSTRUCTION W/O CC/MCC,260163,MO - St. Louis,14,7906.36,3368.5,2652.21
P100499,60049,390 - G.I. OBSTRUCTION W/O CC/MCC,260175,MO - Kansas City,14,12209.86,4057.5,3253.5
P1005,60049,039 - EXTRACRANIAL PROCEDURES W/O CC/MCC,10023,AL - Montgomery,67,16920.79,6653.81,5374.15
P10050,60054,069 - TRANSIENT ISCHEMIA,260175,MO - Kansas City,16,10668.94,4743.13,3756.63
P100500,60054,390 - G.I. OBSTRUCTION W/O CC/MCC,260177,MO - Kansas City,24,10767.71,3552.83,2398.33
P100501,60054,390 - G.I. OBSTRUCTION W/O CC/MCC,260179,MO - St. Louis,36,11397.25,3690.56,2409.53
P100502,60054,390 - G.I. OBSTRUCTION W/O CC/MCC,260180,MO - St. Louis,17,17879.41,3978,3123.65
P100503,60054,390 - G.I. OBSTRUCTION W/O CC/MCC,260183,MO - Cape Girardeau,34,16313.18,3731.18,2704.71
P100504,60054,390 - G.I. OBSTRUCTION W/O CC/MCC,260186,MO - Columbia,26,16543.73,4467.92,3603.31
P100505,10007,390 - G.I. OBSTRUCTION W/O CC/MCC,260193,MO - Kansas City,18,11606.89,3481.11,2335.89
P100506,60054,390 - G.I. OBSTRUCTION W/O CC/MCC,260200,MO - St. Louis,14,14261.79,3522.71,2563.86
P100507,60054,390 - G.I. OBSTRUCTION W/O CC/MCC,260216,MO - Kansas City,21,22661,3800.62,2184.62
P100508,60054,390 - G.I. OBSTRUCTION W/O CC/MCC,270004,MT - Billings,22,7358.73,4357.05,2821.5
P100509,60054,390 - G.I. OBSTRUCTION W/O CC/MCC,270014,MT - Missoula,14,10174.43,4055.21,2514.21
P10051,60054,069 - TRANSIENT ISCHEMIA,260176,MO - St. Louis,30,28361.23,4364.13,3297.67
P100510,60054,390 - G.I. OBSTRUCTION W/O CC/MCC,270051,MT - Missoula,13,10495.62,3759.69,2811.69
P100511,60054,390 - G.I. OBSTRUCTION W/O CC/MCC,270057,MT - Billings,14,5973.64,3507,2271
P100512,60054,390 - G.I. OBSTRUCTION W/O CC/MCC,280003,NE - Lincoln,46,13654,4203.63,2742.43
P100513,60054,390 - G.I. OBSTRUCTION W/O CC/MCC,280009,NE - Omaha,14,12258.79,4530.86,3724.57
P100514,06005F,390 - G.I. OBSTRUCTION W/O CC/MCC,280013,NE - Omaha,16,13869.56,4988.75,4352
P100515,10007,390 - G.I. OBSTRUCTION W/O CC/MCC,280020,NE - Lincoln,36,9679.89,3767.06,2925.17
P100516,06005F,390 - G.I. OBSTRUCTION W/O CC/MCC,280023,NE - Omaha,16,13259,4309.81,2505.13
P100517,06005F,390 - G.I. OBSTRUCTION W/O CC/MCC,280040,NE - Omaha,24,10398.58,3788,2651.08
P100518,06005F,390 - G.I. OBSTRUCTION W/O CC/MCC,280060,NE - Omaha,22,18415.09,4537.05,2736.5
P100519,06005F,390 - G.I. OBSTRUCTION W/O CC/MCC,280061,CO - Denver,26,14997.23,5443.81,3440.35
P10052,06005F,069 - TRANSIENT ISCHEMIA,260177,MO - Kansas City,50,12976.72,4038.6,3055.06
P100520,06005F,390 - G.I. OBSTRUCTION W/O CC/MCC,280065,NE - Lincoln,14,10115.57,4512.93,2814.64
P100521,06005F,390 - G.I. OBSTRUCTION W/O CC/MCC,280077,NE - Omaha,13,15385.31,3788.62,2922.77
P100522,06005F,390 - G.I. OBSTRUCTION W/O CC/MCC,280081,NE - Omaha,16,15271.88,4322.06,3084.56
P100523,60064,390 - G.I. OBSTRUCTION W/O CC/MCC,290001,NV - Reno,17,22061.82,4380.29,3029.65
P100524,60064,390 - G.I. OBSTRUCTION W/O CC/MCC,290003,NV - Las Vegas,19,32840.32,4960.89,3458.21
P100525,10007,390 - G.I. OBSTRUCTION W/O CC/MCC,290009,NV - Reno,18,17379.39,4354.94,2403.78
P100526,60064,390 - G.I. OBSTRUCTION W/O CC/MCC,290012,NV - Las Vegas,11,25463.45,4332.91,3023.73
P100527,60064,390 - G.I. OBSTRUCTION W/O CC/MCC,290019,NV - Reno,18,15450.44,4865.94,3826.94
P100528,60064,390 - G.I. OBSTRUCTION W/O CC/MCC,290022,NV - Las Vegas,11,28473.64,3871.91,2645.82
P100529,60064,390 - G.I. OBSTRUCTION W/O CC/MCC,290039,NV - Las Vegas,19,28727.42,4183.84,3182.79
P10053,60064,069 - TRANSIENT ISCHEMIA,260179,MO - St. Louis,74,15875.7,4908.19,2943.38
P100530,60064,390 - G.I. OBSTRUCTION W/O CC/MCC,290041,NV - Las Vegas,20,29437.4,5440.1,3080.05
P100531,60064,390 - G.I. OBSTRUCTION W/O CC/MCC,290045,NV - Las Vegas,19,28175.16,4030.16,3206.16
P100532,60064,390 - G.I. OBSTRUCTION W/O CC/MCC,290053,NV - Las Vegas,17,24301,4369.12,2991.53
P100533,60064,390 - G.I. OBSTRUCTION W/O CC/MCC,300001,NH - Manchester,36,17347.31,4349.75,3202.11
P100534,60064,390 - G.I. OBSTRUCTION W/O CC/MCC,300003,NH - Lebanon,17,13393.65,6114.06,4455.71
P100535,10007,390 - G.I. OBSTRUCTION W/O CC/MCC,300011,NH - Manchester,23,12528.22,4111.22,3280.09
P100536,60064,390 - G.I. OBSTRUCTION W/O CC/MCC,300012,NH - Manchester,27,10275.56,4982.78,2896.44
P100537,60064,390 - G.I. OBSTRUCTION W/O CC/MCC,300014,ME - Portland,11,12925.64,4059.55,3245
P100538,60064,390 - G.I. OBSTRUCTION W/O CC/MCC,300017,NH - Manchester,13,15777.62,3718.38,2852.54
P100539,60065,390 - G.I. OBSTRUCTION W/O CC/MCC,300018,ME - Portland,13,12531.77,4003.69,2593.08
P10054,60065,069 - TRANSIENT ISCHEMIA,260180,MO - St. Louis,37,21555.35,4228.11,3407.24
P100540,60065,390 - G.I. OBSTRUCTION W/O CC/MCC,300020,NH - Manchester,11,10576.73,4228.27,2995.82
P100541,60065,390 - G.I. OBSTRUCTION W/O CC/MCC,300034,NH - Manchester,14,16073.07,3810,2848.86
P100542,60065,390 - G.I. OBSTRUCTION W/O CC/MCC,310001,NJ - Hackensack,36,44323.47,5667.14,3982.39
P100543,60065,390 - G.I. OBSTRUCTION W/O CC/MCC,310002,NJ - Newark,11,43604.64,7471.82,6454.36
P100544,60065,390 - G.I. OBSTRUCTION W/O CC/MCC,310003,NJ - Hackensack,13,29453.69,5829.69,4194.31
P100545,10007,390 - G.I. OBSTRUCTION W/O CC/MCC,310005,PA - Philadelphia,14,15509.07,4343.36,3458.5
P100546,60065,390 - G.I. OBSTRUCTION W/O CC/MCC,310006,NJ - Hackensack,15,21909.53,5010.4,4031.47
P100547,60065,390 - G.I. OBSTRUCTION W/O CC/MCC,310008,NJ - Hackensack,24,22883.83,4566.46,3675.63
P100548,60065,390 - G.I. OBSTRUCTION W/O CC/MCC,310009,NJ - Newark,11,34954.55,4854.91,3750.91
P100549,60065,390 - G.I. OBSTRUCTION W/O CC/MCC,310010,NJ - New Brunswick,24,29373.25,4989.75,3110.92
P10055,60065,069 - TRANSIENT ISCHEMIA,260183,MO - Cape Girardeau,49,21443.76,4699.06,3142.06
P100550,60065,390 - G.I. OBSTRUCTION W/O CC/MCC,310011,NJ - Camden,18,16112.22,3991,2986.56
P100551,60065,390 - G.I. OBSTRUCTION W/O CC/MCC,310012,NJ - Ridgewood,52,21464.58,4315.87,3388.4
P100552,60065,390 - G.I. OBSTRUCTION W/O CC/MCC,310014,NJ - Camden,14,32958.14,6954.5,6388.5
P100553,60071,390 - G.I. OBSTRUCTION W/O CC/MCC,310015,NJ - Morristown,30,19904.8,5175.23,3773.3
P100554,60071,390 - G.I. OBSTRUCTION W/O CC/MCC,310016,NJ - Newark,16,39580.63,5544.69,4630.94
P100555,10007,390 - G.I. OBSTRUCTION W/O CC/MCC,310017,NJ - Paterson,20,27705.55,4666.35,3259.95
P100556,60071,390 - G.I. OBSTRUCTION W/O CC/MCC,310019,NJ - Paterson,32,34534.31,5939.69,5128.06
P100557,60071,390 - G.I. OBSTRUCTION W/O CC/MCC,310021,PA - Philadelphia,11,44174.18,5424.36,4504
P100558,60071,390 - G.I. OBSTRUCTION W/O CC/MCC,310022,NJ - Camden,54,32626.2,4775.91,3091.2
P100559,60071,390 - G.I. OBSTRUCTION W/O CC/MCC,310025,NJ - Newark,17,80514.88,4475,3280.94
P10056,60071,069 - TRANSIENT ISCHEMIA,260186,MO - Columbia,17,17243.12,5098.76,4042.76
P100560,60071,390 - G.I. OBSTRUCTION W/O CC/MCC,310027,NJ - Newark,14,24907.86,5301.93,4412.5
P100561,60071,390 - G.I. OBSTRUCTION W/O CC/MCC,310032,NJ - Camden,25,35168.76,4477.56,3622.36
P100562,60071,390 - G.I. OBSTRUCTION W/O CC/MCC,310034,NJ - Camden,18,31813.39,4817.56,2478.28
P100563,60071,390 - G.I. OBSTRUCTION W/O CC/MCC,310038,NJ - New Brunswick,34,40170.65,5708.76,4583.94
P100564,60071,390 - G.I. OBSTRUCTION W/O CC/MCC,310039,NJ - New Brunswick,18,34076.11,5123.5,3989.5
P100565,10007,390 - G.I. OBSTRUCTION W/O CC/MCC,310041,NJ - Camden,60,31971.35,3868.68,2869.37
P100566,60071,390 - G.I. OBSTRUCTION W/O CC/MCC,310044,PA - Philadelphia,11,40048.27,5739.64,3748
P100567,60071,390 - G.I. OBSTRUCTION W/O CC/MCC,310045,NJ - Hackensack,33,34984.36,5096.36,4314.18
P100568,60071,390 - G.I. OBSTRUCTION W/O CC/MCC,310047,NJ - Camden,15,33501,4157.8,2800.8
P100569,60075,390 - G.I. OBSTRUCTION W/O CC/MCC,310048,NJ - New Brunswick,29,73611.72,5125,4191.38
P10057,60075,069 - TRANSIENT ISCHEMIA,260191,MO - St. Louis,20,24148.85,6724.75,4476.55
P100570,60075,390 - G.I. OBSTRUCTION W/O CC/MCC,310050,NJ - Morristown,25,36464.76,4262.68,3320.76
P100571,60075,390 - G.I. OBSTRUCTION W/O CC/MCC,310051,NJ - Morristown,24,16336.33,5061.21,3765.38
P100572,60075,390 - G.I. OBSTRUCTION W/O CC/MCC,310052,NJ - Camden,17,31489.06,3799.53,2939.53
P100573,60075,390 - G.I. OBSTRUCTION W/O CC/MCC,310054,NJ - Newark,26,30270,5491.23,4473.58
P100574,60075,390 - G.I. OBSTRUCTION W/O CC/MCC,310057,NJ - Camden,25,30077.36,4384.12,2633.4
P100575,10007,390 - G.I. OBSTRUCTION W/O CC/MCC,310061,NJ - Camden,12,23892.75,4012.25,3076.92
P100576,60075,390 - G.I. OBSTRUCTION W/O CC/MCC,310064,NJ - Camden,31,50079.1,4459.42,3622.65
P100577,60075,390 - G.I. OBSTRUCTION W/O CC/MCC,310070,NJ - New Brunswick,18,45896.94,5475.22,4409.67
P100578,60075,390 - G.I. OBSTRUCTION W/O CC/MCC,310073,NJ - Camden,32,35760.72,4657.66,3595.34
P100579,60075,390 - G.I. OBSTRUCTION W/O CC/MCC,310076,NJ - Newark,23,37291.22,5816.91,4548.35
P10058,60075,069 - TRANSIENT ISCHEMIA,260193,MO - Kansas City,25,24834.32,4059.76,3297.68
P100580,60075,390 - G.I. OBSTRUCTION W/O CC/MCC,310081,PA - Philadelphia,26,35107.46,4061.62,3107.46
P100581,60075,390 - G.I. OBSTRUCTION W/O CC/MCC,310084,NJ - Camden,18,41176.67,4243.89,3429.89
P100582,60075,390 - G.I. OBSTRUCTION W/O CC/MCC,310086,NJ - Camden,47,33886.28,5107.7,4416.72
P100583,60076,390 - G.I. OBSTRUCTION W/O CC/MCC,310108,NJ - New Brunswick,23,39396.65,4942.96,3554.13
P100584,60076,390 - G.I. OBSTRUCTION W/O CC/MCC,310110,PA - Philadelphia,21,38695.14,3868,2902.29
P100585,10007,390 - G.I. OBSTRUCTION W/O CC/MCC,310111,NJ - Camden,17,29285.76,4237.94,2810.29
P100586,60076,390 - G.I. OBSTRUCTION W/O CC/MCC,310112,NJ - Camden,18,27375.83,3866,3055.56
P100587,60076,390 - G.I. OBSTRUCTION W/O CC/MCC,310113,NJ - Camden,17,26295.29,3864,2937.41
P100588,60076,390 - G.I. OBSTRUCTION W/O CC/MCC,320004,TX - El Paso,12,15226.67,5063,4130.33
P100589,60076,390 - G.I. OBSTRUCTION W/O CC/MCC,320006,NM - Albuquerque,11,30077,4050.64,3039
P10059,60076,069 - TRANSIENT ISCHEMIA,260195,MO - Springfield,12,9902.33,4788.58,3853.25
P100590,60076,390 - G.I. OBSTRUCTION W/O CC/MCC,320018,TX - El Paso,14,16215.57,4187.43,3147.71
P100591,60076,390 - G.I. OBSTRUCTION W/O CC/MCC,320021,NM - Albuquerque,37,16142.32,4828.7,3055.49
P100592,60076,390 - G.I. OBSTRUCTION W/O CC/MCC,320063,TX - Lubbock,13,20747.92,3906.46,2953.54
P100593,60076,390 - G.I. OBSTRUCTION W/O CC/MCC,320085,TX - El Paso,14,11876.07,3770.71,2888.14
P100594,60076,390 - G.I. OBSTRUCTION W/O CC/MCC,330003,NY - Albany,18,7896.61,3500.06,2364.94
P100595,10008,390 - G.I. OBSTRUCTION W/O CC/MCC,330004,NY - Albany,21,14269.29,4722.48,4134.1
P100596,60076,390 - G.I. OBSTRUCTION W/O CC/MCC,330005,NY - Buffalo,48,9875.48,5110.42,4011.46
P100597,60076,390 - G.I. OBSTRUCTION W/O CC/MCC,330011,NY - Binghamton,17,9498.47,3628.94,2837.41
P100598,60076,390 - G.I. OBSTRUCTION W/O CC/MCC,330013,NY - Albany,18,21553.39,5491.17,4066.22
P100599,06007F,390 - G.I. OBSTRUCTION W/O CC/MCC,330019,NY - Manhattan,19,11190.42,6039.63,5210.58
P1006,06007F,039 - EXTRACRANIAL PROCEDURES W/O CC/MCC,10029,AL - Birmingham,51,11977.14,5834.75,4761.41
P10060,06007F,069 - TRANSIENT ISCHEMIA,260200,MO - St. Louis,73,20278.22,4021.86,2993.68
P100600,06007F,390 - G.I. OBSTRUCTION W/O CC/MCC,330023,NY - Albany,33,23367.61,4456.36,3536
P100601,06007F,390 - G.I. OBSTRUCTION W/O CC/MCC,330024,NY - Manhattan,41,15255.98,7663.27,6599.15
P100602,06007F,390 - G.I. OBSTRUCTION W/O CC/MCC,330043,NY - East Long Island,16,20295.38,5392.81,4087.13
P100603,06007F,390 - G.I. OBSTRUCTION W/O CC/MCC,330044,NY - Elmira,15,12206.13,3562.87,2739.13
P100604,10008,390 - G.I. OBSTRUCTION W/O CC/MCC,330045,NY - East Long Island,29,20140.76,4641,2956.21
P100605,06007F,390 - G.I. OBSTRUCTION W/O CC/MCC,330046,NY - Manhattan,26,27687.81,7583.04,6142.12
P100606,06007F,390 - G.I. OBSTRUCTION W/O CC/MCC,330047,NY - Albany,12,11620.58,3461.58,2437.25
P100607,60096,390 - G.I. OBSTRUCTION W/O CC/MCC,330055,NY - East Long Island,31,18752.68,6442.74,5289.39
P100608,60096,390 - G.I. OBSTRUCTION W/O CC/MCC,330057,NY - Albany,27,12974.15,3512,2600.3
P100609,60096,390 - G.I. OBSTRUCTION W/O CC/MCC,330059,NY - Bronx,42,30752.55,8213.21,7154.17
P10061,60096,069 - TRANSIENT ISCHEMIA,260216,MO - Kansas City,35,24514.43,3900.23,2849.86
P100610,60096,390 - G.I. OBSTRUCTION W/O CC/MCC,330061,NY - White Plains,22,12858.41,4489.14,3155.82
P100611,60096,390 - G.I. OBSTRUCTION W/O CC/MCC,330078,NY - Buffalo,12,7479.08,4416.08,2889.33
P100612,60096,390 - G.I. OBSTRUCTION W/O CC/MCC,330090,NY - Elmira,15,8793,4087.27,2653.6
P100613,60096,390 - G.I. OBSTRUCTION W/O CC/MCC,330094,NY - Albany,12,9225.17,3874.75,2842.42
P100614,10008,390 - G.I. OBSTRUCTION W/O CC/MCC,330101,NY - Manhattan,52,22932.79,7664.52,6057.88
P100615,60096,390 - G.I. OBSTRUCTION W/O CC/MCC,330103,NY - Buffalo,20,7029.4,3545.75,2762.95
P100616,60096,390 - G.I. OBSTRUCTION W/O CC/MCC,330104,NJ - Hackensack,23,23030.04,4967.39,4189.65
P100617,60096,390 - G.I. OBSTRUCTION W/O CC/MCC,330106,NY - East Long Island,70,24993.51,6266.41,4707.29
P100618,60096,390 - G.I. OBSTRUCTION W/O CC/MCC,330107,NY - East Long Island,12,21184.75,4542,3523
P100619,60096,390 - G.I. OBSTRUCTION W/O CC/MCC,330119,NY - Manhattan,39,35839,6068.15,5146.72
P10062,60096,069 - TRANSIENT ISCHEMIA,270004,MT - Billings,18,13594.94,6019.72,2986.39
P100620,60096,390 - G.I. OBSTRUCTION W/O CC/MCC,330125,NY - Rochester,19,9361.58,4274.16,2795.53
P100621,60100,390 - G.I. OBSTRUCTION W/O CC/MCC,330126,NY - White Plains,28,24158.25,4482.36,3545.82
P100622,60100,390 - G.I. OBSTRUCTION W/O CC/MCC,330136,NY - Albany,16,6979.75,5785.38,4950.38
P100623,60100,390 - G.I. OBSTRUCTION W/O CC/MCC,330140,NY - Syracuse,40,8900.05,4731.1,3116.2
P100624,10008,390 - G.I. OBSTRUCTION W/O CC/MCC,330141,NY - East Long Island,15,45700.93,4930.33,3282.27
P100625,60100,390 - G.I. OBSTRUCTION W/O CC/MCC,330153,NY - Albany,28,10596.96,3858.68,2741.46
P100626,60100,390 - G.I. OBSTRUCTION W/O CC/MCC,330157,NY - Syracuse,11,13357.64,5700.45,4980.09
P100627,60100,390 - G.I. OBSTRUCTION W/O CC/MCC,330158,NJ - Ridgewood,18,23957.56,4975,3974.11
P100628,60100,390 - G.I. OBSTRUCTION W/O CC/MCC,330159,NY - Syracuse,15,10592.4,4135.33,2846.27
P100629,60100,390 - G.I. OBSTRUCTION W/O CC/MCC,330160,NY - Manhattan,26,14420.92,6034.04,4691.19
P10063,60100,069 - TRANSIENT ISCHEMIA,270012,MT - Great Falls,29,12122.72,4760.48,3906.14
P100630,60100,390 - G.I. OBSTRUCTION W/O CC/MCC,330162,NY - White Plains,26,11053.42,4405.92,3076.65
P100631,60100,390 - G.I. OBSTRUCTION W/O CC/MCC,330163,NY - Buffalo,11,6075.73,3953.18,3238.64
P100632,60100,390 - G.I. OBSTRUCTION W/O CC/MCC,330164,NY - Rochester,17,5038.82,4010.18,3214.88
P100633,60100,390 - G.I. OBSTRUCTION W/O CC/MCC,330167,NY - East Long Island,37,24332.57,5986.35,4420.68
P100634,10008,390 - G.I. OBSTRUCTION W/O CC/MCC,330169,NY - Manhattan,55,28389.64,7396.67,6321.18
P100635,60100,390 - G.I. OBSTRUCTION W/O CC/MCC,330182,NY - East Long Island,30,21367.33,4477.77,3137.5
P100636,60100,390 - G.I. OBSTRUCTION W/O CC/MCC,330185,NY - East Long Island,22,23139.77,5047.64,2981.64
P100637,60103,390 - G.I. OBSTRUCTION W/O CC/MCC,330188,NY - Buffalo,24,8088.25,4021.46,3186.21
P100638,60103,390 - G.I. OBSTRUCTION W/O CC/MCC,330191,NY - Albany,19,9106.37,3350.68,2344.58
P100639,60103,390 - G.I. OBSTRUCTION W/O CC/MCC,330193,NY - East Long Island,12,16461.58,7443,6599.33
P10064,60103,069 - TRANSIENT ISCHEMIA,270049,MT - Billings,26,11291.42,4544.19,3632.35
P100640,60103,390 - G.I. OBSTRUCTION W/O CC/MCC,330194,NY - Manhattan,39,27119.38,8049,6601.74
P100641,60103,390 - G.I. OBSTRUCTION W/O CC/MCC,330195,NY - East Long Island,34,25960.41,7286.06,6522.18
P100642,60103,390 - G.I. OBSTRUCTION W/O CC/MCC,330196,NY - Manhattan,11,13682.82,7733,6886.91
P100643,60103,390 - G.I. OBSTRUCTION W/O CC/MCC,330198,NY - East Long Island,24,19281.58,4661.67,3505.29
P100644,10008,390 - G.I. OBSTRUCTION W/O CC/MCC,330201,NY - Manhattan,11,32730,6575,5654.64
P100645,60103,390 - G.I. OBSTRUCTION W/O CC/MCC,330203,NY - Syracuse,24,11803.79,4866,3670.63
P100646,60103,390 - G.I. OBSTRUCTION W/O CC/MCC,330208,NY - White Plains,13,17527,6249.69,4670.92
P100647,60103,390 - G.I. OBSTRUCTION W/O CC/MCC,330211,NY - Syracuse,13,8861.62,3954,3003.54
P100648,60103,390 - G.I. OBSTRUCTION W/O CC/MCC,330214,NY - Manhattan,20,21883.35,6559,4913.1
P100649,60103,390 - G.I. OBSTRUCTION W/O CC/MCC,330222,NY - Albany,18,14351.5,3662.89,2238.11
P10065,60103,069 - TRANSIENT ISCHEMIA,270051,MT - Missoula,12,10259.58,4407.5,3377.83
P100650,60103,390 - G.I. OBSTRUCTION W/O CC/MCC,330225,NY - Manhattan,14,16363.71,5445.5,3959.29
P100651,60104,390 - G.I. OBSTRUCTION W/O CC/MCC,330232,NY - Albany,12,14879.17,3736.25,2798.25
P100652,60104,390 - G.I. OBSTRUCTION W/O CC/MCC,330236,NY - Manhattan,31,15444.29,7027.81,6240.81
P100653,60104,390 - G.I. OBSTRUCTION W/O CC/MCC,330239,PA - Erie,11,5863.27,3526,2505.64
P100654,10008,390 - G.I. OBSTRUCTION W/O CC/MCC,330241,NY - Syracuse,20,11676.25,5902.95,5128.3
P100655,60104,390 - G.I. OBSTRUCTION W/O CC/MCC,330245,NY - Elmira,20,11306.7,4092.05,3361.05
P100656,60104,390 - G.I. OBSTRUCTION W/O CC/MCC,330250,VT - Burlington,23,14475.39,5292.17,4414.57
P100657,60104,390 - G.I. OBSTRUCTION W/O CC/MCC,330259,NY - East Long Island,16,22766.38,5685.81,3086.13
P100658,60104,390 - G.I. OBSTRUCTION W/O CC/MCC,330264,NY - White Plains,12,19436.5,4895.5,3543.83
P100659,60104,390 - G.I. OBSTRUCTION W/O CC/MCC,330267,NY - White Plains,22,19185.18,4445.14,3577.68
P10066,60104,069 - TRANSIENT ISCHEMIA,280003,NE - Lincoln,51,20072.59,4493.35,3394.27
P100660,60104,390 - G.I. OBSTRUCTION W/O CC/MCC,330273,CT - New Haven,12,21913.75,4324.33,3386.33
P100661,60104,390 - G.I. OBSTRUCTION W/O CC/MCC,330279,NY - Buffalo,24,9133.25,3682.79,2640
P100662,60104,390 - G.I. OBSTRUCTION W/O CC/MCC,330285,NY - Rochester,16,9499.13,5846,4726.5
P100663,60104,390 - G.I. OBSTRUCTION W/O CC/MCC,330286,NY - East Long Island,42,28581.1,4788.9,3711.81
P100664,10008,390 - G.I. OBSTRUCTION W/O CC/MCC,330304,NY - White Plains,38,15772.03,4549.82,3224.11
P100665,60104,390 - G.I. OBSTRUCTION W/O CC/MCC,330306,NY - Manhattan,13,11457,7865.69,6910.31
P100666,60104,390 - G.I. OBSTRUCTION W/O CC/MCC,330307,NY - Rochester,17,5102.65,4036.82,2624.29
P100667,60107,390 - G.I. OBSTRUCTION W/O CC/MCC,330316,NY - Bronx,20,13195.25,4975.6,4417.6
P100668,60107,390 - G.I. OBSTRUCTION W/O CC/MCC,330331,NY - East Long Island,30,18909.33,5048.17,3529.37
P100669,60107,390 - G.I. OBSTRUCTION W/O CC/MCC,330340,NY - East Long Island,18,18639.56,5003.44,4067.22
P10067,60107,069 - TRANSIENT ISCHEMIA,280009,NE - Omaha,17,21828.65,5200.12,4208.82
P100670,60107,390 - G.I. OBSTRUCTION W/O CC/MCC,330350,NY - Manhattan,13,13692.23,8656.77,7703.85
P100671,60107,390 - G.I. OBSTRUCTION W/O CC/MCC,330353,NY - East Long Island,22,19791.27,5670.77,4751.86
P100672,60107,390 - G.I. OBSTRUCTION W/O CC/MCC,330372,NY - East Long Island,13,25634.62,4845.23,3319
P100673,60107,390 - G.I. OBSTRUCTION W/O CC/MCC,330393,NY - East Long Island,17,22875.65,7355.47,4453.82
P100674,10008,390 - G.I. OBSTRUCTION W/O CC/MCC,330394,NY - Binghamton,29,11674.28,4218.31,3210.03
P100675,60107,390 - G.I. OBSTRUCTION W/O CC/MCC,330401,NY - East Long Island,26,27432.77,4179,3446.23
P100676,60107,390 - G.I. OBSTRUCTION W/O CC/MCC,340001,NC - Charlotte,31,9874.35,4217.06,3272.81
P100677,60107,390 - G.I. OBSTRUCTION W/O CC/MCC,340002,NC - Asheville,54,10182.76,4439.28,3239.06
P100678,60107,390 - G.I. OBSTRUCTION W/O CC/MCC,340008,NC - Durham,16,14754.5,4075.88,3170.13
P100679,60107,390 - G.I. OBSTRUCTION W/O CC/MCC,340010,NC - Raleigh,11,11087.36,4298.73,3172.55
P10068,60107,069 - TRANSIENT ISCHEMIA,280013,NE - Omaha,30,19827.17,5763.07,4393.03
P100680,60107,390 - G.I. OBSTRUCTION W/O CC/MCC,340014,NC - Winston-Salem,48,9949.08,4455.04,3544.63
P100681,60112,390 - G.I. OBSTRUCTION W/O CC/MCC,340015,NC - Charlotte,12,13338.5,6605.58,2401.42
P100682,60112,390 - G.I. OBSTRUCTION W/O CC/MCC,340017,NC - Asheville,28,9345.82,3827.29,2687
P100683,60112,390 - G.I. OBSTRUCTION W/O CC/MCC,340020,NC - Durham,17,16300,3629.12,2410.53
P100684,10008,390 - G.I. OBSTRUCTION W/O CC/MCC,340021,NC - Charlotte,14,12002.93,3934.86,2892.86
P100685,60112,390 - G.I. OBSTRUCTION W/O CC/MCC,340028,NC - Raleigh,22,16833.77,4595.18,3352.36
P100686,60112,390 - G.I. OBSTRUCTION W/O CC/MCC,340030,NC - Durham,26,15656.15,6578.69,5710.38
P100687,60112,390 - G.I. OBSTRUCTION W/O CC/MCC,340032,NC - Charlotte,42,12892.1,4300.9,2984.76
P100688,60112,390 - G.I. OBSTRUCTION W/O CC/MCC,340038,NC - Greenville,12,9461.25,4100.5,3073.5
P100689,60112,390 - G.I. OBSTRUCTION W/O CC/MCC,340039,NC - Winston-Salem,12,9674.42,4325.83,2153.17
P10069,60112,069 - TRANSIENT ISCHEMIA,280020,NE - Lincoln,71,16992.17,4541.14,3261.77
P100690,60112,390 - G.I. OBSTRUCTION W/O CC/MCC,340040,NC - Greenville,53,18439.49,6294.57,4647.53
P100691,60112,390 - G.I. OBSTRUCTION W/O CC/MCC,340042,NC - Greenville,16,16422.38,4028.38,3116.63
P100692,60112,390 - G.I. OBSTRUCTION W/O CC/MCC,340047,NC - Winston-Salem,25,11985.84,6792.96,5284.36
P100693,60112,390 - G.I. OBSTRUCTION W/O CC/MCC,340050,NC - Durham,23,15451.7,5314.3,3705.87
P100694,10008,390 - G.I. OBSTRUCTION W/O CC/MCC,340053,NC - Charlotte,17,10000.65,4651.82,2710.76
P100695,60112,390 - G.I. OBSTRUCTION W/O CC/MCC,340060,NC - Greensboro,11,12059.91,3974.27,3259.73
P100696,60112,390 - G.I. OBSTRUCTION W/O CC/MCC,340061,NC - Durham,18,12434.78,7211.06,6020.89
P100697,60113,390 - G.I. OBSTRUCTION W/O CC/MCC,340068,NC - Wilmington,12,8793.58,4388.83,2858.17
P100698,60113,390 - G.I. OBSTRUCTION W/O CC/MCC,340069,NC - Raleigh,27,22020.26,4764.33,3725.67
P100699,60113,390 - G.I. OBSTRUCTION W/O CC/MCC,340073,NC - Raleigh,19,12633.74,3635.89,2625.26
P1007,60113,039 - EXTRACRANIAL PROCEDURES W/O CC/MCC,10033,AL - Birmingham,32,35841.09,8031.13,5858.5
P10070,60113,069 - TRANSIENT ISCHEMIA,280023,NE - Omaha,19,16689.26,4180,3172.21
P100700,60113,390 - G.I. OBSTRUCTION W/O CC/MCC,340075,NC - Charlotte,12,12872.5,3876.08,2849.08
P100701,60113,390 - G.I. OBSTRUCTION W/O CC/MCC,340091,NC - Greensboro,48,10436.63,4668.96,3401.69
P100702,60113,390 - G.I. OBSTRUCTION W/O CC/MCC,340098,NC - Charlotte,39,14435.77,3916.33,2534.31
P100703,10008,390 - G.I. OBSTRUCTION W/O CC/MCC,340099,NC - Greenville,13,10927.85,4593.92,2973.08
P100704,60113,390 - G.I. OBSTRUCTION W/O CC/MCC,340113,NC - Charlotte,30,17269.53,5796.13,4897.5
P100705,60113,390 - G.I. OBSTRUCTION W/O CC/MCC,340114,NC - Raleigh,51,12198.41,3544.18,2639.78
P100706,60113,390 - G.I. OBSTRUCTION W/O CC/MCC,340115,NC - Durham,50,10587.04,4005.16,3004.92
P100707,60113,390 - G.I. OBSTRUCTION W/O CC/MCC,340116,NC - Hickory,27,18268.11,3544.59,2549.04
P100708,60113,390 - G.I. OBSTRUCTION W/O CC/MCC,340123,NC - Greensboro,11,9778.36,3833.55,2913.18
P100709,60113,390 - G.I. OBSTRUCTION W/O CC/MCC,340129,NC - Charlotte,13,20727.23,3554.92,2865.69
P10071,60113,069 - TRANSIENT ISCHEMIA,280040,NE - Omaha,25,15365.44,4381.4,2497.64
P100710,60114,390 - G.I. OBSTRUCTION W/O CC/MCC,340130,NC - Charlotte,18,12008.78,4243.33,3120.22
P100711,60114,390 - G.I. OBSTRUCTION W/O CC/MCC,340131,NC - Greenville,22,7472.18,4457.86,3282.59
P100712,60114,390 - G.I. OBSTRUCTION W/O CC/MCC,340141,NC - Wilmington,52,11537.15,4596.73,3574.42
P100713,10008,390 - G.I. OBSTRUCTION W/O CC/MCC,340142,NC - Greenville,25,9580.64,4867.68,3468.8
P100714,60114,390 - G.I. OBSTRUCTION W/O CC/MCC,340143,NC - Hickory,17,16006.29,4120.65,3001.82
P100715,60114,390 - G.I. OBSTRUCTION W/O CC/MCC,340147,NC - Raleigh,21,10642.9,4939.71,3348.62
P100716,60114,390 - G.I. OBSTRUCTION W/O CC/MCC,340151,NC - Raleigh,16,12234.13,3900.81,2780.81
P100717,60114,390 - G.I. OBSTRUCTION W/O CC/MCC,340155,NC - Durham,18,12599.22,4968.67,3223.89
P100718,60114,390 - G.I. OBSTRUCTION W/O CC/MCC,340158,NC - Wilmington,13,11847.31,3886.38,2851.31
P100719,60114,390 - G.I. OBSTRUCTION W/O CC/MCC,340159,NC - Durham,16,7705.88,4449.5,3463
P10072,60114,069 - TRANSIENT ISCHEMIA,280060,NE - Omaha,34,19948.21,4459.32,3237.24
P100720,60114,390 - G.I. OBSTRUCTION W/O CC/MCC,340166,NC - Charlotte,11,16615.36,4018.82,2895.55
P100721,60114,390 - G.I. OBSTRUCTION W/O CC/MCC,340171,NC - Charlotte,17,11840.12,3595.24,2611.47
P100722,60114,390 - G.I. OBSTRUCTION W/O CC/MCC,340173,NC - Raleigh,24,16788.96,3674.42,2691.92
P100723,10008,390 - G.I. OBSTRUCTION W/O CC/MCC,340183,NC - Charlotte,23,11153.26,4145.26,2410.61
P100724,60114,390 - G.I. OBSTRUCTION W/O CC/MCC,340184,NC - Asheville,19,9425.63,3815.95,2670.95
P100725,60114,390 - G.I. OBSTRUCTION W/O CC/MCC,350002,ND - Bismarck,13,5075.54,3783.92,2831
P100726,60116,390 - G.I. OBSTRUCTION W/O CC/MCC,350006,ND - Minot,12,8268.5,4223.08,3098.33
P100727,60116,390 - G.I. OBSTRUCTION W/O CC/MCC,350011,ND - Fargo/Moorhead MN,20,8831.45,4185.35,3176.15
P100728,60116,390 - G.I. OBSTRUCTION W/O CC/MCC,350019,ND - Grand Forks,36,8078.78,4343.11,3355.58
P100729,60116,390 - G.I. OBSTRUCTION W/O CC/MCC,360001,OH - Cincinnati,17,11861.24,4150.47,2338.82
P10073,60116,069 - TRANSIENT ISCHEMIA,280061,CO - Denver,14,13242.07,5645,4134.36
P100730,60116,390 - G.I. OBSTRUCTION W/O CC/MCC,360006,OH - Columbus,47,12877.74,4203.3,2915.49
P100731,60116,390 - G.I. OBSTRUCTION W/O CC/MCC,360008,OH - Columbus,15,9204.33,4644.13,2881.33
P100732,60116,390 - G.I. OBSTRUCTION W/O CC/MCC,360010,OH - Canton,17,7556,3778.41,2325
P100733,10008,390 - G.I. OBSTRUCTION W/O CC/MCC,360011,OH - Columbus,19,9083,4230.32,3100.89
P100734,60116,390 - G.I. OBSTRUCTION W/O CC/MCC,360012,OH - Columbus,19,9452.53,4305.63,2500.68
P100735,60116,390 - G.I. OBSTRUCTION W/O CC/MCC,360013,OH - Dayton,12,7006.92,4020.17,2708.42
P100736,60116,390 - G.I. OBSTRUCTION W/O CC/MCC,360016,OH - Cincinnati,16,14274.06,4635.5,2954.13
P100737,60116,390 - G.I. OBSTRUCTION W/O CC/MCC,360017,OH - Columbus,12,19864.33,5117.5,4184.83
P100738,60116,390 - G.I. OBSTRUCTION W/O CC/MCC,360019,OH - Akron,12,16972.83,3984.42,3046.42
P100739,60116,390 - G.I. OBSTRUCTION W/O CC/MCC,360020,OH - Akron,46,18124.24,4362.85,3331.52
P10074,60116,069 - TRANSIENT ISCHEMIA,280065,NE - Lincoln,15,10865.4,5065.8,3235.33
P100740,60117,390 - G.I. OBSTRUCTION W/O CC/MCC,360027,OH - Akron,27,16019.85,4213.15,3105.37
P100741,60117,390 - G.I. OBSTRUCTION W/O CC/MCC,360035,OH - Columbus,65,8456.31,4120.97,3144.37
P100742,60117,390 - G.I. OBSTRUCTION W/O CC/MCC,360036,OH - Canton,13,4125.31,3588.69,2317.69
P100743,10011,390 - G.I. OBSTRUCTION W/O CC/MCC,360039,OH - Columbus,25,10430.96,4102.44,2840.56
P100744,60117,390 - G.I. OBSTRUCTION W/O CC/MCC,360041,OH - Cleveland,15,9806.13,3372,2477.07
P100745,60117,390 - G.I. OBSTRUCTION W/O CC/MCC,360044,OH - Dayton,11,10297.09,3834.91,2735.73
P100746,60117,390 - G.I. OBSTRUCTION W/O CC/MCC,360051,OH - Dayton,24,24524.46,4566.67,3294.25
P100747,60117,390 - G.I. OBSTRUCTION W/O CC/MCC,360052,OH - Dayton,21,24063.52,4130.24,2948.14
P100748,60117,390 - G.I. OBSTRUCTION W/O CC/MCC,360056,OH - Cincinnati,17,12855.18,3570.18,2712.06
P100749,60117,390 - G.I. OBSTRUCTION W/O CC/MCC,360064,OH - Youngstown,23,12078.74,3904,3025.04
P10075,60117,069 - TRANSIENT ISCHEMIA,280077,NE - Omaha,12,19057,4881.33,3399
P100750,60117,390 - G.I. OBSTRUCTION W/O CC/MCC,360065,OH - Cleveland,11,8927.27,3635.18,3023.55
P100751,60117,390 - G.I. OBSTRUCTION W/O CC/MCC,360066,OH - Dayton,33,14253.85,3682,2763.58
P100752,60117,390 - G.I. OBSTRUCTION W/O CC/MCC,360070,OH - Canton,11,7115.45,3763.91,2843.55
P100753,10011,390 - G.I. OBSTRUCTION W/O CC/MCC,360072,OH - Columbus,21,10585.24,4006.48,2695
P100754,60117,390 - G.I. OBSTRUCTION W/O CC/MCC,360074,OH - Toledo,14,19407.29,4272.14,2792.43
P100755,60117,390 - G.I. OBSTRUCTION W/O CC/MCC,360076,OH - Kettering,12,16821.5,3646.42,2519.75
P100756,60118,390 - G.I. OBSTRUCTION W/O CC/MCC,360077,OH - Cleveland,20,16382.8,3834.4,2940
P100757,60118,390 - G.I. OBSTRUCTION W/O CC/MCC,360079,OH - Kettering,15,21115.27,4977.6,3507.2
P100758,60118,390 - G.I. OBSTRUCTION W/O CC/MCC,360084,OH - Canton,22,5613.23,3788.18,2919.27
P100759,60118,390 - G.I. OBSTRUCTION W/O CC/MCC,360085,OH - Columbus,18,14791.83,5653.39,4418.06
P10076,60118,069 - TRANSIENT ISCHEMIA,280081,NE - Omaha,12,20725.25,4884.83,3847.17
P100760,60118,390 - G.I. OBSTRUCTION W/O CC/MCC,360086,OH - Dayton,13,12269.62,5716.62,2372.31
P100761,60118,390 - G.I. OBSTRUCTION W/O CC/MCC,360090,OH - Toledo,29,9817,3503.97,2575.76
P100762,60118,390 - G.I. OBSTRUCTION W/O CC/MCC,360095,OH - Toledo,12,12492,3746.42,2719.5
P100763,10011,390 - G.I. OBSTRUCTION W/O CC/MCC,360098,OH - Cleveland,26,16083.31,3358.85,2104.88
P100764,60118,390 - G.I. OBSTRUCTION W/O CC/MCC,360112,OH - Toledo,11,26392.45,5941.27,5032.55
P100765,60118,390 - G.I. OBSTRUCTION W/O CC/MCC,360118,OH - Columbus,24,11183,3480.63,2568.88
P100766,60118,390 - G.I. OBSTRUCTION W/O CC/MCC,360121,IN - Fort Wayne,11,7139.27,4054,3036.55
P100767,60118,390 - G.I. OBSTRUCTION W/O CC/MCC,360137,OH - Cleveland,15,11393.47,5954,4752.87
P100768,60118,390 - G.I. OBSTRUCTION W/O CC/MCC,360141,OH - Youngstown,14,12245,4178.21,2963
P100769,60118,390 - G.I. OBSTRUCTION W/O CC/MCC,360143,OH - Cleveland,28,14001.89,3388.64,2368
P10077,60118,069 - TRANSIENT ISCHEMIA,280111,NE - Omaha,24,9462.75,6196.54,4993.71
P100770,60119,390 - G.I. OBSTRUCTION W/O CC/MCC,360145,OH - Elyria,12,11280.92,3649.67,2349.25
P100771,60119,390 - G.I. OBSTRUCTION W/O CC/MCC,360147,OH - Columbus,13,12707.23,3403,2450.08
P100772,60119,390 - G.I. OBSTRUCTION W/O CC/MCC,360155,OH - Cleveland,15,14671.93,3351.73,2525.87
P100773,10011,390 - G.I. OBSTRUCTION W/O CC/MCC,360159,OH - Columbus,17,10565.29,4085.24,3306.71
P100774,60119,390 - G.I. OBSTRUCTION W/O CC/MCC,360172,OH - Elyria,23,14923.78,3652.7,2824.35
P100775,60119,390 - G.I. OBSTRUCTION W/O CC/MCC,360179,OH - Cincinnati,19,11506.42,3997.58,2808.89
P100776,60119,390 - G.I. OBSTRUCTION W/O CC/MCC,360180,OH - Cleveland,42,14921.31,5207,4006.33
P100777,60119,390 - G.I. OBSTRUCTION W/O CC/MCC,360218,OH - Columbus,11,9643.45,4057.27,3239.82
P100778,60119,390 - G.I. OBSTRUCTION W/O CC/MCC,360230,OH - Cleveland,24,13107.63,3405.88,2323.71
P100779,60119,390 - G.I. OBSTRUCTION W/O CC/MCC,360234,OH - Cincinnati,14,14091.29,3677,2711.29
P10078,60119,069 - TRANSIENT ISCHEMIA,280130,NE - Omaha,26,19378,3957,2963
P100780,60119,390 - G.I. OBSTRUCTION W/O CC/MCC,360262,OH - Toledo,12,21890.5,3585,2649.67
P100781,60119,390 - G.I. OBSTRUCTION W/O CC/MCC,370008,OK - Oklahoma City,42,18280.64,3550.48,2794.6
P100782,60119,390 - G.I. OBSTRUCTION W/O CC/MCC,370013,OK - Oklahoma City,66,11952.97,3598.33,2453.64
P100783,10011,390 - G.I. OBSTRUCTION W/O CC/MCC,370018,OK - Tulsa,14,5922.93,3718.79,2037.43
P100784,60119,390 - G.I. OBSTRUCTION W/O CC/MCC,370023,OK - Lawton,11,8879.27,3464,2643.64
P100785,60119,390 - G.I. OBSTRUCTION W/O CC/MCC,370028,OK - Oklahoma City,37,19256.49,4644.81,3702.19
P100786,60124,390 - G.I. OBSTRUCTION W/O CC/MCC,370032,OK - Oklahoma City,23,17523,3624.78,2558.7
P100787,60124,390 - G.I. OBSTRUCTION W/O CC/MCC,370047,OK - Oklahoma City,12,11352.67,3788.92,2955.92
P100788,60124,390 - G.I. OBSTRUCTION W/O CC/MCC,370078,OK - Tulsa,12,10102.75,5235.58,4205.92
P100789,60124,390 - G.I. OBSTRUCTION W/O CC/MCC,370091,OK - Tulsa,45,12805.49,3979.31,2943.67
P10079,60124,069 - TRANSIENT ISCHEMIA,290001,NV - Reno,59,26496.12,4839.51,3642.12
P100790,60124,390 - G.I. OBSTRUCTION W/O CC/MCC,370093,OK - Oklahoma City,12,24046.42,5660.5,3816.33
P100791,60124,390 - G.I. OBSTRUCTION W/O CC/MCC,370094,OK - Oklahoma City,20,27878.9,3509.6,2553.8
P100792,60124,390 - G.I. OBSTRUCTION W/O CC/MCC,370106,OK - Oklahoma City,13,22030,4392.38,2798.69
P100793,10011,390 - G.I. OBSTRUCTION W/O CC/MCC,370113,MO - Joplin,18,10251.78,3622,2754
P100794,60124,390 - G.I. OBSTRUCTION W/O CC/MCC,370114,OK - Tulsa,36,8713.28,3781.17,2628.61
P100795,60124,390 - G.I. OBSTRUCTION W/O CC/MCC,370149,OK - Oklahoma City,17,7862.94,3759.65,2966.24
P100796,60124,390 - G.I. OBSTRUCTION W/O CC/MCC,380004,OR - Portland,25,10049.56,4491.84,3129.96
P100797,60124,390 - G.I. OBSTRUCTION W/O CC/MCC,380009,OR - Portland,11,10597.55,6495.64,5572.36
P100798,60124,390 - G.I. OBSTRUCTION W/O CC/MCC,380014,OR - Eugene,11,13423.18,4170.91,3153.45
P100799,60124,390 - G.I. OBSTRUCTION W/O CC/MCC,380017,OR - Portland,15,11171.07,5449.87,4301.53
P1008,60124,039 - EXTRACRANIAL PROCEDURES W/O CC/MCC,10039,AL - Huntsville,135,28523.39,6113.39,5228.4
P10080,60125,069 - TRANSIENT ISCHEMIA,290003,NV - Las Vegas,30,41045.2,5660.33,4611.53
P100800,60125,390 - G.I. OBSTRUCTION W/O CC/MCC,380018,OR - Medford,13,15741.46,4029.38,2989.38
P100801,60125,390 - G.I. OBSTRUCTION W/O CC/MCC,380020,OR - Eugene,11,14655.64,4038.91,3221.45
P100802,10011,390 - G.I. OBSTRUCTION W/O CC/MCC,380021,OR - Portland,11,17106,4333.09,3512.73
P100803,60125,390 - G.I. OBSTRUCTION W/O CC/MCC,380038,OR - Portland,13,10134.31,4254.08,2900.92
P100804,60125,390 - G.I. OBSTRUCTION W/O CC/MCC,380040,OR - Bend,21,11075.29,6502.62,4945.52
P100805,60125,390 - G.I. OBSTRUCTION W/O CC/MCC,380047,OR - Bend,13,12422.31,4280,2786.38
P100806,60125,390 - G.I. OBSTRUCTION W/O CC/MCC,380050,OR - Medford,15,16721.6,5075,4177.93
P100807,60125,390 - G.I. OBSTRUCTION W/O CC/MCC,380051,OR - Salem,24,9566.33,4587.54,2802.83
P100808,60125,390 - G.I. OBSTRUCTION W/O CC/MCC,380052,ID - Boise,14,9873.21,4874.36,2439.86
P100809,60125,390 - G.I. OBSTRUCTION W/O CC/MCC,380061,OR - Portland,20,10023.95,5345.95,2933.55
P10081,60125,069 - TRANSIENT ISCHEMIA,290019,NV - Reno,34,18488.06,5515.82,4488.41
P100810,60125,390 - G.I. OBSTRUCTION W/O CC/MCC,380075,OR - Medford,14,14306.64,4411,2732.5
P100811,60125,390 - G.I. OBSTRUCTION W/O CC/MCC,380089,OR - Portland,25,11119.28,4300.12,2794
P100812,10011,390 - G.I. OBSTRUCTION W/O CC/MCC,380090,OR - Eugene,13,15308,5535,4768.54
P100813,60125,390 - G.I. OBSTRUCTION W/O CC/MCC,380102,OR - Eugene,27,11133.37,4510.67,3452.26
P100814,60125,390 - G.I. OBSTRUCTION W/O CC/MCC,390001,PA - Scranton,17,12825,3715.65,2853.76
P100815,61300,390 - G.I. OBSTRUCTION W/O CC/MCC,390004,PA - Harrisburg,11,16384.27,3415.45,2400.91
P100816,61300,390 - G.I. OBSTRUCTION W/O CC/MCC,390006,PA - Danville,26,20759.65,6010.54,5277.77
P100817,61300,390 - G.I. OBSTRUCTION W/O CC/MCC,390009,PA - Erie,20,12650.3,4098.95,3202.95
P100818,61300,390 - G.I. OBSTRUCTION W/O CC/MCC,390012,PA - Philadelphia,14,23812.86,3742.07,2616.93
P100819,61300,390 - G.I. OBSTRUCTION W/O CC/MCC,390013,PA - Danville,27,7228.63,3369,2410.63
P10082,61300,069 - TRANSIENT ISCHEMIA,290021,NV - Las Vegas,62,34077.4,5744.16,4683.19
P100820,61300,390 - G.I. OBSTRUCTION W/O CC/MCC,390016,OH - Youngstown,13,9012.92,3748.77,2892.77
P100821,61300,390 - G.I. OBSTRUCTION W/O CC/MCC,390026,PA - Philadelphia,13,35560.31,4222.23,2895.92
P100822,10011,390 - G.I. OBSTRUCTION W/O CC/MCC,390030,PA - Reading,11,9149.18,3926,3114.36
P100823,61300,390 - G.I. OBSTRUCTION W/O CC/MCC,390036,PA - Pittsburgh,16,7407.31,3846.81,2544.75
P100824,61300,390 - G.I. OBSTRUCTION W/O CC/MCC,390041,PA - Pittsburgh,12,6576.83,3747.75,2520.5
P100825,61300,390 - G.I. OBSTRUCTION W/O CC/MCC,390044,PA - Reading,30,14009.87,4835.3,3520.93
P100826,61300,390 - G.I. OBSTRUCTION W/O CC/MCC,390045,PA - Danville,18,12467.72,3918.67,2917.78
P100827,61300,390 - G.I. OBSTRUCTION W/O CC/MCC,390046,PA - York,29,10548.48,5824.79,3583.66
P100828,61300,390 - G.I. OBSTRUCTION W/O CC/MCC,390048,PA - Harrisburg,11,8353.36,3973.73,3053.36
P100829,61300,390 - G.I. OBSTRUCTION W/O CC/MCC,390049,PA - Allentown,23,26505.83,5150.17,3091.09
P10083,61301,069 - TRANSIENT ISCHEMIA,290022,NV - Las Vegas,40,28765.63,4765.5,3875.58
P100830,61301,390 - G.I. OBSTRUCTION W/O CC/MCC,390050,PA - Pittsburgh,12,16554.92,5487.17,4829.5
P100831,61301,390 - G.I. OBSTRUCTION W/O CC/MCC,390057,PA - Allentown,11,19212.55,3746,2722.73
P100832,10011,390 - G.I. OBSTRUCTION W/O CC/MCC,390063,PA - Erie,22,22169.86,4711.77,2550.95
P100833,61301,390 - G.I. OBSTRUCTION W/O CC/MCC,390066,PA - Harrisburg,23,17169.39,3864.17,2739.3
P100834,61301,390 - G.I. OBSTRUCTION W/O CC/MCC,390067,PA - Harrisburg,23,11256.61,5423.52,3075.17
P100835,61301,390 - G.I. OBSTRUCTION W/O CC/MCC,390073,PA - Altoona,23,10609.26,3644.09,2594.7
P100836,61301,390 - G.I. OBSTRUCTION W/O CC/MCC,390076,PA - Lancaster,13,32436.31,4314.15,2444.54
P100837,61301,390 - G.I. OBSTRUCTION W/O CC/MCC,390079,PA - Sayre,16,11210.38,4342.94,3299.38
P100838,61301,390 - G.I. OBSTRUCTION W/O CC/MCC,390081,PA - Philadelphia,15,48528.33,4665.27,3492.67
P100839,61301,390 - G.I. OBSTRUCTION W/O CC/MCC,390086,PA - Pittsburgh,11,8764.09,3896.55,2787.82
P10084,61301,069 - TRANSIENT ISCHEMIA,290039,NV - Las Vegas,73,37415.29,4862.71,3585.08
P100840,61301,390 - G.I. OBSTRUCTION W/O CC/MCC,390091,PA - Erie,14,9136.93,3388.43,2459.57
P100841,61301,390 - G.I. OBSTRUCTION W/O CC/MCC,390097,PA - Philadelphia,21,33696.86,4111.1,2808.67
P100842,10011,390 - G.I. OBSTRUCTION W/O CC/MCC,390100,PA - Lancaster,28,13966.18,4452.18,2859.46
P100843,61301,390 - G.I. OBSTRUCTION W/O CC/MCC,390101,PA - York,11,7418.91,4295.55,3383.91
P100844,61301,390 - G.I. OBSTRUCTION W/O CC/MCC,390102,PA - Pittsburgh,12,16775.75,4895.5,4054.5
P100845,61302,390 - G.I. OBSTRUCTION W/O CC/MCC,390107,PA - Pittsburgh,15,17870.6,3351.8,1903.27
P100846,61302,390 - G.I. OBSTRUCTION W/O CC/MCC,390108,PA - Philadelphia,18,37473.61,4468.89,3117.22
P100847,61302,390 - G.I. OBSTRUCTION W/O CC/MCC,390110,PA - Johnstown,15,9866.13,4294.33,3395.13
P100848,61302,390 - G.I. OBSTRUCTION W/O CC/MCC,390111,PA - Philadelphia,16,34571.44,7003.38,6229.13
P100849,61302,390 - G.I. OBSTRUCTION W/O CC/MCC,390113,PA - Erie,22,11132.82,3873.41,2854.5
P10085,61302,069 - TRANSIENT ISCHEMIA,290041,NV - Las Vegas,61,34300.77,4918.02,4026.82
P100850,61302,390 - G.I. OBSTRUCTION W/O CC/MCC,390115,PA - Philadelphia,31,29038.68,4916.55,4052.06
P100851,61302,390 - G.I. OBSTRUCTION W/O CC/MCC,390119,PA - Scranton,16,19744.63,4120.13,3249.75
P100852,10011,390 - G.I. OBSTRUCTION W/O CC/MCC,390123,PA - Reading,23,35206.43,3748,2916.87
P100853,61302,390 - G.I. OBSTRUCTION W/O CC/MCC,390127,PA - Philadelphia,15,32403.93,3749,2921
P100854,61302,390 - G.I. OBSTRUCTION W/O CC/MCC,390133,PA - Allentown,39,17395.46,5030.56,3411.62
P100855,61302,390 - G.I. OBSTRUCTION W/O CC/MCC,390137,PA - Wilkes-Barre,46,18510.11,3960.2,2577.87
P100856,61302,390 - G.I. OBSTRUCTION W/O CC/MCC,390139,PA - Philadelphia,49,29720.71,4089.14,2958.33
P100857,61302,390 - G.I. OBSTRUCTION W/O CC/MCC,390142,PA - Philadelphia,15,26898.93,8144.07,7320.33
P100858,61302,390 - G.I. OBSTRUCTION W/O CC/MCC,390145,PA - Pittsburgh,21,10024.57,3394.29,2433.14
P100859,61302,390 - G.I. OBSTRUCTION W/O CC/MCC,390151,PA - Harrisburg,24,13392.54,3912.79,2794.96
P10086,61303,069 - TRANSIENT ISCHEMIA,290045,NV - Las Vegas,23,43080.96,4663.61,3736.09
P100860,61303,390 - G.I. OBSTRUCTION W/O CC/MCC,390153,PA - Philadelphia,29,28734.93,3795,2688.1
P100861,61303,390 - G.I. OBSTRUCTION W/O CC/MCC,390156,PA - Philadelphia,11,40761.91,5952.09,5286.09
P100862,10011,390 - G.I. OBSTRUCTION W/O CC/MCC,390162,PA - Allentown,18,32123.39,4252.56,3321.67
P100863,61303,390 - G.I. OBSTRUCTION W/O CC/MCC,390164,PA - Pittsburgh,25,22976.12,5737.32,4627.44
P100864,61303,390 - G.I. OBSTRUCTION W/O CC/MCC,390168,PA - Pittsburgh,11,10306.18,3324,2106.27
P100865,61303,390 - G.I. OBSTRUCTION W/O CC/MCC,390174,PA - Philadelphia,31,35604.19,6356.03,5337.68
P100866,61303,390 - G.I. OBSTRUCTION W/O CC/MCC,390178,PA - Erie,14,12716.21,3589.14,2625.71
P100867,61303,390 - G.I. OBSTRUCTION W/O CC/MCC,390179,PA - Philadelphia,11,17682.64,4150.55,2479.45
P100868,61303,390 - G.I. OBSTRUCTION W/O CC/MCC,390180,PA - Philadelphia,22,66484.59,5223,4505.55
P100869,61303,390 - G.I. OBSTRUCTION W/O CC/MCC,390194,PA - Allentown,13,6864.62,3462.31,2688.46
P10087,61303,069 - TRANSIENT ISCHEMIA,290046,NV - Las Vegas,52,29441.1,4803.9,3567.44
P100870,61303,390 - G.I. OBSTRUCTION W/O CC/MCC,390195,PA - Philadelphia,36,27481.92,4693.94,3246.5
P100871,61303,390 - G.I. OBSTRUCTION W/O CC/MCC,390198,PA - Erie,11,8240.09,4815,4106.27
P100872,10011,390 - G.I. OBSTRUCTION W/O CC/MCC,390201,PA - Allentown,33,14415.06,4600.79,3436.06
P100873,61303,390 - G.I. OBSTRUCTION W/O CC/MCC,390203,PA - Philadelphia,23,15941.04,4081.48,2263.04
P100874,61303,390 - G.I. OBSTRUCTION W/O CC/MCC,390219,PA - Pittsburgh,11,8044.64,4150.91,2616.64
P100875,61304,390 - G.I. OBSTRUCTION W/O CC/MCC,390222,PA - Philadelphia,28,35951.54,3745.68,2782.25
P100876,61304,390 - G.I. OBSTRUCTION W/O CC/MCC,390226,PA - Philadelphia,14,28574.36,5134,4330
P100877,61304,390 - G.I. OBSTRUCTION W/O CC/MCC,390228,PA - Pittsburgh,13,11308.69,3467.38,1888.62
P100878,61304,390 - G.I. OBSTRUCTION W/O CC/MCC,390231,PA - Philadelphia,46,33407.89,4597.83,3303.43
P100879,61304,390 - G.I. OBSTRUCTION W/O CC/MCC,390237,PA - Scranton,12,12520.75,3655.75,2725.75
P10088,61304,069 - TRANSIENT ISCHEMIA,290054,NV - Las Vegas,20,36521.65,4424.65,3231.4
P100880,61304,390 - G.I. OBSTRUCTION W/O CC/MCC,390256,PA - Harrisburg,16,14533.56,6357.31,4531.88
P100881,61304,390 - G.I. OBSTRUCTION W/O CC/MCC,390258,PA - Philadelphia,30,20889.1,3716.17,2828.83
P100882,10011,390 - G.I. OBSTRUCTION W/O CC/MCC,390263,PA - Allentown,17,22496.76,4349.76,2885.41
P100883,61304,390 - G.I. OBSTRUCTION W/O CC/MCC,390268,PA - Danville,13,11922.31,3259.85,2309.38
P100884,61304,390 - G.I. OBSTRUCTION W/O CC/MCC,390270,PA - Wilkes-Barre,13,20621.46,4128,3441.23
P100885,61304,390 - G.I. OBSTRUCTION W/O CC/MCC,410005,RI - Providence,11,11168.09,4032.36,3417.82
P100886,61304,390 - G.I. OBSTRUCTION W/O CC/MCC,410006,RI - Providence,12,8652.83,3885.5,2764.17
P100887,61304,390 - G.I. OBSTRUCTION W/O CC/MCC,410007,RI - Providence,13,17924.62,6155.46,5197.62
P100888,61304,390 - G.I. OBSTRUCTION W/O CC/MCC,410008,RI - Providence,12,11873.25,3727,2697.33
P100889,61304,390 - G.I. OBSTRUCTION W/O CC/MCC,410009,RI - Providence,14,18486.36,4358.71,3395.29
P10089,61305,069 - TRANSIENT ISCHEMIA,300001,NH - Manchester,35,14166.17,4762.26,3831.63
P100890,61305,390 - G.I. OBSTRUCTION W/O CC/MCC,410012,RI - Providence,37,18054.16,4704.41,3532.84
P100891,61305,390 - G.I. OBSTRUCTION W/O CC/MCC,410013,RI - Providence,13,12727.23,3887,3113.15
P100892,10012,390 - G.I. OBSTRUCTION W/O CC/MCC,420002,NC - Charlotte,27,11993.74,4006.96,2931.26
P100893,61305,390 - G.I. OBSTRUCTION W/O CC/MCC,420004,SC - Charleston,15,12753.67,6681.27,5928.73
P100894,61305,390 - G.I. OBSTRUCTION W/O CC/MCC,420007,SC - Spartanburg,23,15593.13,4181.39,3142.7
P100895,61305,390 - G.I. OBSTRUCTION W/O CC/MCC,420009,SC - Greenville,24,13689.29,3978.46,2581.58
P100896,61305,390 - G.I. OBSTRUCTION W/O CC/MCC,420010,SC - Columbia,16,17559.63,4013.25,2808.94
P100897,61305,390 - G.I. OBSTRUCTION W/O CC/MCC,420018,SC - Columbia,17,26897.53,5503,4481.12
P100898,61305,390 - G.I. OBSTRUCTION W/O CC/MCC,420023,SC - Greenville,21,20835.57,3468.67,2504.48
P100899,61305,390 - G.I. OBSTRUCTION W/O CC/MCC,420026,SC - Columbia,17,9123.12,3353.65,2368
P1009,61305,039 - EXTRACRANIAL PROCEDURES W/O CC/MCC,10040,AL - Birmingham,34,75233.38,5541.06,4386.94
P10090,61305,069 - TRANSIENT ISCHEMIA,300003,NH - Lebanon,24,16690.88,6606.92,5578.58
